loyalty_number,cluster_id,anomaly_label
100018,1,0
100102,1,0
100140,1,0
100214,1,0
100272,1,0
100301,1,0
100364,1,0
100380,1,0
100428,1,0
100504,2,0
100550,1,0
100585,1,0
100590,0,1
100642,1,0
100644,1,0
100646,1,0
100727,1,0
100737,1,0
100753,1,0
100816,1,0
100853,1,0
100883,1,0
100890,1,0
101018,1,0
101148,1,0
101356,2,0
101363,1,0
101487,1,0
101515,1,0
101540,1,0
101544,1,0
101547,1,0
101581,1,0
101594,1,0
101644,2,0
101663,1,0
101664,2,0
101709,1,0
101768,2,0
101876,2,0
101895,1,0
101902,1,1
101945,1,0
102168,2,0
102184,1,0
102207,2,0
102299,1,0
102308,2,0
102311,1,0
102376,0,1
102464,2,0
102615,2,0
102726,1,0
102730,2,0
102740,2,0
102788,0,1
102851,1,0
102877,1,0
102982,2,0
103043,1,0
103151,1,0
103217,1,0
103304,1,0
103340,1,0
103352,2,0
103359,1,0
103362,2,0
103383,2,0
103436,1,0
103490,1,0
103502,2,0
103536,1,0
103699,2,0
103731,1,0
103758,2,0
103823,1,0
103860,1,0
103862,1,1
103916,1,0
103969,1,0
103970,1,0
103975,2,0
103985,2,0
104103,1,0
104267,0,1
104353,1,0
104431,1,0
104541,1,0
104586,1,0
104673,1,0
104732,1,0
104739,2,0
104849,1,0
104960,1,0
105063,0,1
105073,0,1
105074,1,0
105145,2,0
105193,2,0
105214,1,0
105251,2,0
105335,1,0
105352,2,0
105552,1,0
105688,1,0
105700,2,0
105712,1,0
105789,1,0
105835,0,0
105841,0,1
105921,1,0
105932,1,0
105992,1,0
106001,1,1
106037,1,0
106038,1,0
106046,0,1
106048,2,0
106218,1,0
106397,1,0
106444,1,0
106477,2,0
106509,2,0
106589,2,0
106592,1,0
106616,2,0
106623,2,0
106637,1,0
106689,1,0
106754,1,0
106757,1,0
106776,1,0
106838,1,0
106839,1,0
106936,1,0
106946,1,0
106964,2,0
106978,1,0
106979,1,0
107037,1,0
107067,1,0
107119,1,0
107141,1,0
107203,1,0
107212,1,0
107296,2,0
107385,1,0
107420,2,0
107461,2,0
107466,1,0
107487,1,0
107519,0,1
107571,1,0
107649,1,0
107719,1,0
107730,1,0
107835,2,0
107902,1,0
107993,1,0
108264,1,1
108346,2,0
108367,2,0
108381,1,0
108430,1,0
108440,1,0
108462,1,0
108481,2,0
108528,1,0
108625,1,0
108666,1,0
108857,2,0
108896,2,0
108907,1,0
109022,1,0
109023,1,0
109029,2,0
109203,1,0
109399,1,0
109478,1,0
109495,1,0
109517,1,0
109552,2,0
109612,2,0
109660,1,0
109767,1,0
109840,1,0
109896,1,0
109903,1,0
109956,2,0
110001,1,0
110030,2,0
110065,0,1
110073,2,0
110099,1,0
110142,0,1
110170,2,0
110211,2,0
110262,0,1
110296,1,0
110394,1,0
110422,2,0
110476,1,0
110603,2,0
110678,1,0
110691,1,0
110752,1,0
111022,1,0
111034,1,0
111171,1,0
111176,1,0
111255,1,0
111286,1,0
111329,1,0
111387,2,0
111485,1,0
111507,1,0
111573,1,0
111584,1,0
111646,1,0
111788,1,0
111899,1,0
111912,1,0
112026,1,0
112142,1,0
112226,1,0
112393,1,0
112522,0,1
112632,1,0
112661,2,0
112678,1,0
112709,1,0
112732,1,0
112733,1,0
112797,2,0
112842,1,0
112856,1,0
112863,1,0
112894,2,0
113040,1,0
113184,2,0
113220,1,0
113293,2,0
113316,2,0
113363,1,0
113442,2,0
113476,1,0
113529,2,0
113558,1,0
113578,2,0
113656,2,0
113679,1,0
113694,1,0
113755,2,0
113779,1,0
113804,1,0
113831,1,0
113839,1,0
113861,1,0
113864,2,0
113874,0,0
113877,1,0
113904,1,0
113919,1,0
114018,1,0
114021,1,0
114131,0,1
114214,2,0
114219,1,0
114242,1,0
114307,1,0
114399,2,0
114414,1,0
114493,1,0
114553,1,0
114638,1,0
114700,2,0
114743,2,0
114835,2,0
114857,1,0
114903,1,0
114924,2,0
114927,1,0
114983,1,0
115198,2,0
115322,1,0
115354,1,0
115405,1,0
115427,1,0
115505,0,1
115529,1,0
115633,1,0
115705,1,0
115749,2,0
115805,1,0
115852,1,0
116016,1,0
116045,1,0
116164,1,0
116207,2,0
116238,2,0
116288,1,0
116332,1,0
116372,1,0
116562,2,0
116703,1,0
116732,1,0
116735,1,0
116895,0,1
116897,2,0
116932,1,0
116948,1,0
116999,1,0
117033,1,0
117053,1,0
117169,1,0
117219,1,0
117240,2,0
117333,1,0
117342,1,0
117351,2,0
117358,2,0
117408,1,0
117456,1,0
117460,1,0
117482,0,1
117618,1,0
117725,2,0
117782,1,0
117832,2,0
117910,1,0
117915,0,1
117932,1,0
117939,2,0
117975,2,0
118076,1,0
118298,2,0
118320,1,0
118332,1,0
118355,2,0
118365,1,0
118376,2,0
118379,2,0
118418,0,1
118511,2,0
118514,2,0
118612,2,0
118628,1,0
118632,1,0
118675,1,0
118688,2,0
118729,2,0
118864,1,0
119009,1,0
119015,2,0
119135,1,0
119198,0,0
119200,1,0
119408,2,0
119460,1,0
119488,2,0
119519,1,0
119633,1,0
119634,0,1
119638,0,0
119690,2,0
119731,1,0
119837,1,0
119845,1,0
119917,2,0
119997,1,0
120046,1,0
120126,1,0
120140,1,0
120164,1,0
120192,1,0
120206,2,0
120393,1,0
120434,1,0
120554,1,0
120583,1,0
120594,1,0
120613,1,0
120635,2,0
120799,1,0
120868,1,0
121068,1,0
121095,1,0
121139,1,0
121183,1,0
121236,2,0
121351,0,1
121410,1,0
121469,2,0
121605,1,0
121710,1,0
121737,1,0
121751,2,0
121856,2,0
121919,1,0
121930,2,0
121935,2,0
121999,2,0
122009,1,0
122020,1,0
122049,1,0
122094,1,0
122166,1,0
122173,2,0
122206,2,0
122283,1,0
122357,1,0
122456,1,0
122517,2,0
122519,0,1
122545,1,0
122561,2,0
122577,1,0
122685,1,0
122797,0,1
122858,2,0
122890,1,0
122946,2,0
122958,1,0
123060,1,0
123083,1,0
123094,2,0
123115,1,0
123151,2,0
123164,1,0
123344,1,0
123393,1,0
123420,1,0
123525,1,0
123538,2,0
123586,1,0
123667,1,0
123668,1,0
123697,1,0
123702,1,0
123727,1,0
123773,1,0
123780,2,0
123784,2,0
123830,2,0
123908,1,0
123928,2,0
123944,1,0
124038,1,0
124056,1,0
124085,2,0
124088,1,0
124119,1,0
124195,2,0
124207,2,0
124351,2,0
124355,1,0
124377,2,0
124536,2,0
124678,1,0
124761,1,0
124931,2,0
124987,2,0
125059,2,0
125068,0,1
125300,1,0
125393,1,0
125493,2,0
125606,2,0
125919,1,0
125969,1,0
125996,1,0
126097,1,0
126100,2,1
126148,2,0
126181,2,0
126216,1,0
126219,1,0
126239,1,0
126262,1,0
126308,2,0
126424,2,0
126466,1,0
126490,1,0
126526,2,0
126581,1,0
126665,1,0
127039,1,0
127052,2,0
127127,1,0
127128,1,0
127137,1,0
127185,1,0
127241,2,0
127279,1,0
127289,1,0
127311,1,0
127350,1,0
127400,1,0
127410,1,0
127496,2,0
127590,1,0
127645,1,0
127663,1,0
127725,1,0
127785,1,0
127827,1,0
127882,1,0
127946,1,0
127966,1,0
128007,1,0
128032,2,0
128039,1,0
128041,1,0
128156,1,0
128210,1,0
128245,2,0
128280,1,0
128325,1,0
128405,2,0
128459,1,0
128467,1,0
128475,1,0
128534,1,0
128572,2,0
128587,1,0
128611,1,0
128615,2,0
128633,1,0
128749,2,0
128753,2,0
128754,2,0
128789,1,0
128950,1,0
128975,1,0
129030,1,0
129071,2,0
129171,2,0
129328,2,0
129343,1,0
129372,1,0
129409,0,1
129429,1,0
129434,1,0
129510,2,0
129515,2,0
129533,2,1
129555,1,0
129743,2,0
129817,2,0
129827,1,0
129914,1,0
129976,1,0
130032,0,1
130077,2,0
130086,1,0
130179,2,0
130208,1,0
130217,2,0
130326,1,0
130331,1,0
130368,1,0
130419,1,0
130439,2,0
130446,0,0
130497,0,1
130548,1,0
130593,1,0
130823,1,0
130953,1,0
131001,1,0
131036,2,0
131047,1,0
131098,1,0
131228,1,0
131253,1,0
131257,1,0
131321,1,0
131342,1,0
131463,1,0
131558,1,0
131560,1,0
131637,2,0
131673,1,0
131680,1,0
131717,2,0
131721,1,0
131761,1,0
131772,1,0
131815,1,0
131893,1,0
131956,2,0
131990,1,0
131997,1,0
132045,1,0
132209,1,0
132296,1,0
132319,1,0
132320,1,0
132337,2,0
132552,2,0
132563,2,1
132592,1,0
132705,1,0
132756,1,0
132774,1,0
132884,1,0
132914,1,0
132928,2,0
132935,1,0
133035,2,0
133065,1,0
133066,1,0
133128,0,1
133324,0,1
133429,1,0
133463,2,0
133518,1,0
133608,1,0
133698,1,0
133730,1,0
133732,1,0
133821,1,0
133859,1,0
133956,0,1
134000,2,0
134012,2,0
134085,1,0
134148,2,0
134180,1,0
134202,1,0
134241,1,0
134273,1,0
134279,2,0
134397,1,0
134470,2,0
134717,0,1
134738,1,0
134760,1,0
134827,2,0
134847,2,0
134857,1,0
135016,1,0
135076,1,0
135134,0,1
135250,1,0
135257,0,0
135279,1,0
135312,1,0
135381,1,0
135382,1,0
135392,1,0
135421,1,0
135554,1,0
135574,2,0
135578,1,0
135635,2,0
135808,1,0
135841,1,0
135872,2,0
135878,1,0
135977,1,0
136020,1,0
136022,1,0
136049,2,0
136065,2,0
136089,1,0
136106,1,0
136121,1,0
136169,1,0
136230,2,0
136232,1,0
136334,1,0
136345,2,0
136430,1,0
136464,2,0
136470,1,0
136473,0,1
136516,1,0
136547,1,0
136608,1,0
136637,1,0
136715,1,0
136772,2,0
136879,2,0
136906,1,0
137020,2,0
137040,1,0
137106,2,0
137161,0,1
137185,1,0
137209,2,0
137227,1,0
137251,2,0
137383,2,0
137529,2,0
137646,1,0
137744,2,0
137751,1,0
137845,1,0
137850,1,0
137852,0,1
137858,1,0
137944,1,0
137952,2,0
137968,1,0
137973,1,0
137985,1,0
137999,1,0
138025,2,0
138065,2,0
138121,1,0
138204,2,0
138369,1,0
138421,2,0
138449,2,0
138475,1,0
138565,1,0
138653,2,0
138737,1,0
138746,1,0
138759,2,0
138768,1,0
138777,2,0
138810,2,0
138853,2,0
138873,2,0
138894,1,0
138896,1,0
138908,1,0
138981,1,0
138993,1,0
139022,2,0
139023,0,0
139087,1,0
139135,1,0
139270,2,0
139356,2,0
139479,2,0
139511,1,0
139518,1,0
139532,1,0
139600,2,0
139682,2,0
139699,2,0
139863,1,0
139932,1,0
139974,2,0
140005,1,0
140042,2,0
140077,0,1
140079,1,0
140130,1,0
140191,2,0
140208,1,0
140223,2,0
140290,1,0
140375,2,0
140381,1,0
140391,2,0
140392,1,0
140419,1,0
140483,1,0
140534,1,0
140598,1,0
140674,2,0
140735,2,0
140750,1,0
140768,1,0
140769,2,0
140823,1,0
140891,1,0
140977,1,0
141023,1,0
141043,2,0
141047,1,0
141139,1,0
141181,1,0
141233,1,0
141266,1,0
141456,2,0
141497,0,1
141614,1,0
141655,1,0
141703,1,0
141742,1,0
141844,1,0
141877,1,0
141945,1,0
142122,2,0
142190,1,0
142224,1,0
142290,0,0
142354,1,0
142371,1,0
142434,2,0
142511,1,0
142545,1,0
142609,0,0
142621,0,1
142649,2,0
142686,1,0
142715,1,0
142717,1,0
142726,0,1
142749,1,0
142763,2,0
142800,2,0
142812,1,0
142855,1,0
142906,1,0
142925,2,0
142950,1,0
143087,1,0
143151,1,0
143266,2,0
143389,1,0
143422,1,0
143730,1,0
143784,1,0
143981,1,0
144261,2,0
144301,2,0
144328,1,0
144355,1,0
144402,1,0
144514,1,0
144523,1,0
144565,1,0
144593,1,0
144615,1,0
144633,1,0
144641,1,0
144695,2,0
144702,2,0
144756,1,0
144830,1,0
144879,1,0
144936,2,0
144977,1,0
145017,2,0
145177,1,0
145192,2,0
145193,2,0
145220,1,0
145292,2,0
145322,1,0
145323,1,0
145449,0,1
145480,1,0
145542,2,0
145552,1,0
145688,2,0
145988,1,0
146028,1,0
146037,1,0
146067,2,0
146086,1,0
146090,0,1
146099,0,1
146215,1,0
146354,2,0
146400,2,0
146527,1,0
146560,2,0
146572,2,0
146702,0,1
146760,1,0
146839,2,0
147064,1,0
147241,1,0
147272,1,0
147408,2,0
147602,1,0
147700,1,0
147754,1,0
147891,1,0
147898,1,0
147986,2,0
148111,2,0
148201,1,0
148208,0,0
148216,2,0
148234,1,0
148258,1,0
148289,0,0
148299,1,0
148322,2,0
148368,1,0
148381,1,0
148382,2,0
148453,2,0
148486,1,0
148487,1,0
148570,0,0
148612,1,0
148677,2,0
148690,1,0
148749,0,1
148753,1,0
148766,2,0
148767,1,0
148810,2,0
148865,1,0
148942,1,0
148982,0,1
149174,2,0
149225,1,0
149318,0,1
149348,1,0
149426,1,0
149430,1,0
149462,1,0
149542,2,0
149549,0,1
149655,2,0
149782,1,0
149841,1,0
149846,1,0
149884,1,0
149912,2,0
149981,2,0
149993,1,0
150004,1,0
150074,1,0
150134,1,0
150141,2,0
150233,2,0
150253,1,0
150291,1,0
150301,1,0
150383,0,0
150596,2,0
150656,1,0
150671,2,0
150751,2,0
150754,1,0
150767,1,0
150883,1,0
150909,1,0
151010,2,0
151030,0,0
151036,2,0
151183,1,0
151327,1,0
151399,1,0
151554,1,0
151571,1,0
151627,1,0
151655,1,0
151967,1,0
152007,2,0
152014,1,0
152016,0,1
152139,1,0
152148,1,0
152276,1,0
152305,1,0
152307,0,0
152338,1,0
152355,1,0
152406,1,0
152423,1,0
152499,2,0
152681,1,0
152685,2,0
152740,1,0
152778,1,0
152936,2,0
153003,1,0
153072,1,0
153075,2,0
153146,1,0
153193,1,0
153261,1,0
153395,1,0
153439,2,0
153462,1,0
153582,0,1
153586,1,0
153600,1,0
153626,1,0
153645,2,0
153656,2,0
153760,2,0
153884,1,0
153953,1,0
153968,2,0
153987,2,0
153998,0,1
154136,2,0
154172,1,1
154173,2,0
154175,1,0
154194,2,0
154230,1,0
154480,1,0
154606,0,1
154643,0,0
154644,1,0
154652,1,0
154680,1,0
154726,2,0
154736,1,0
154782,2,0
154855,2,0
154864,1,0
154868,0,1
154889,2,0
154958,2,0
154981,1,0
155020,0,0
155118,1,0
155253,1,0
155348,2,0
155354,1,0
155374,1,0
155488,1,0
155623,2,0
155654,0,0
155763,1,0
155791,1,0
155795,0,1
155820,1,0
155964,0,1
155965,1,0
156031,2,0
156071,2,1
156138,1,0
156305,1,0
156313,1,0
156355,1,0
156457,1,0
156666,2,0
156673,1,0
156684,1,0
156730,2,0
156750,1,0
156868,1,0
156870,2,0
156879,0,1
156945,2,0
156948,1,0
156959,1,0
156980,2,0
157005,1,0
157092,1,0
157200,1,0
157212,1,0
157300,0,1
157566,2,0
157672,1,0
157674,1,0
157704,1,0
157712,1,0
157729,0,1
157731,1,0
157751,1,0
157766,1,0
157771,2,0
157816,1,0
157879,2,0
157902,2,0
157911,1,0
157971,2,0
158113,1,0
158314,2,0
158400,1,0
158401,2,0
158508,1,0
158560,1,0
158680,1,0
158901,1,0
158969,1,0
158995,2,0
159227,1,0
159233,2,0
159272,1,0
159275,1,0
159344,1,0
159351,1,0
159359,2,0
159397,1,0
159486,2,0
159500,0,1
159525,1,0
159531,1,0
159533,2,0
159608,1,0
159680,1,0
159688,1,0
159745,1,0
159751,1,0
159800,2,0
159856,1,0
159942,2,0
159960,1,0
160135,1,0
160143,1,0
160154,1,0
160181,1,0
160203,1,0
160250,1,0
160266,2,0
160320,1,0
160471,2,0
160640,1,0
160686,1,0
160707,1,0
160740,1,0
160773,1,0
160779,2,0
160905,1,0
160927,1,0
160993,1,0
161045,1,0
161103,1,0
161180,1,0
161241,1,0
161276,1,0
161338,1,0
161373,2,0
161414,1,0
161415,1,0
161437,1,0
161525,2,0
161546,2,0
161557,2,0
161574,1,0
161650,2,0
161728,2,0
161766,1,0
161769,1,0
161774,2,0
161780,0,0
161956,2,0
162013,1,0
162155,2,0
162166,1,0
162167,1,0
162180,1,0
162420,1,0
162456,1,0
162472,2,0
162485,2,0
162489,1,0
162496,1,0
162568,2,0
162658,1,0
163002,1,0
163058,1,0
163083,1,0
163137,2,0
163260,1,0
163301,2,0
163388,1,0
163405,2,0
163445,2,0
163481,2,0
163598,1,0
163608,1,0
163615,1,0
163639,1,0
163645,1,0
163723,2,0
163757,1,0
163776,1,0
163970,1,0
164013,1,0
164017,1,0
164034,1,0
164064,2,0
164094,1,0
164192,2,0
164211,2,0
164224,0,1
164226,1,0
164298,2,0
164313,1,0
164363,2,0
164374,1,0
164388,1,0
164429,1,0
164500,2,0
164512,1,0
164559,0,1
164657,1,0
164743,1,0
164794,2,0
164947,1,0
164973,1,0
164983,2,0
165019,1,0
165022,2,0
165056,1,0
165138,1,0
165188,1,0
165224,2,0
165260,1,0
165265,1,0
165339,0,1
165443,1,0
165484,1,0
165550,1,0
165554,2,0
165596,1,0
165742,1,0
165759,1,0
165827,1,0
165893,1,0
165900,1,0
166011,2,0
166037,1,0
166110,2,0
166175,0,1
166239,1,0
166273,0,1
166333,1,0
166475,1,0
166535,1,0
166537,1,0
166577,1,0
166677,2,0
166693,1,0
166705,1,0
166712,1,0
166825,2,0
166829,1,0
166846,1,0
166865,1,0
166911,1,0
166938,1,0
166953,2,0
166955,1,0
166966,0,1
167001,2,0
167016,1,0
167026,1,0
167062,1,0
167177,1,0
167219,2,0
167257,1,0
167335,1,0
167363,1,0
167465,1,0
167491,2,0
167515,1,0
167569,2,1
167575,2,0
167578,1,0
167587,1,0
167660,1,0
167670,2,0
167795,1,0
167879,2,0
167933,1,0
168026,1,0
168123,2,0
168160,0,1
168290,1,0
168302,2,0
168316,1,0
168349,1,0
168385,1,0
168418,1,0
168641,2,0
168727,2,0
168843,1,0
168887,0,1
169054,1,0
169129,1,0
169131,2,0
169137,1,0
169247,1,0
169253,2,0
169270,2,0
169302,1,0
169393,1,0
169418,2,0
169525,1,0
169529,0,0
169603,2,0
169661,1,0
169665,1,0
169697,1,0
169699,2,0
169857,1,0
169865,2,0
169932,1,0
169948,1,0
169950,2,0
170027,1,0
170079,1,0
170091,2,0
170152,2,0
170211,1,0
170232,2,0
170311,1,0
170321,1,0
170368,0,1
170404,1,0
170443,0,1
170531,1,0
170534,2,0
170544,1,0
170566,1,0
170585,1,0
170655,2,1
170656,1,0
170710,1,0
170791,1,0
170799,1,0
170801,2,0
170903,2,0
170965,1,0
170982,2,0
171027,2,0
171042,2,0
171047,1,0
171137,1,0
171192,0,0
171257,1,0
171264,1,0
171350,1,0
171419,1,0
171582,2,0
171638,1,0
171691,0,1
171788,0,0
171883,1,0
171902,2,0
171906,1,0
171908,0,1
171937,1,0
172059,1,0
172135,1,0
172162,2,0
172200,0,1
172233,1,0
172259,2,0
172284,2,0
172345,2,0
172348,1,0
172444,1,0
172491,2,0
172532,2,0
172593,1,0
172610,0,0
172724,2,0
172731,2,0
172755,0,0
172757,1,0
172971,0,1
172983,1,0
172987,1,0
173092,1,0
173178,2,0
173212,1,0
173227,2,0
173235,2,0
173252,1,0
173343,0,1
173356,1,0
173398,1,0
173416,1,0
173446,1,1
173485,1,0
173506,0,1
173531,1,0
173548,1,0
173666,2,0
173673,1,0
173798,1,0
173834,2,0
173873,1,1
173884,2,0
173938,1,0
174044,1,0
174343,1,0
174439,1,0
174666,2,0
174669,2,0
174702,2,0
174729,1,0
174743,1,0
174803,2,0
174896,2,0
174923,1,0
174925,2,0
174996,1,0
175017,1,0
175104,1,0
175169,1,0
175191,2,0
175249,1,0
175285,1,0
175320,1,0
175342,1,0
175360,1,0
175387,2,0
175488,1,0
175528,1,0
175584,1,0
175711,1,0
175804,1,0
175814,1,0
175832,2,0
175902,0,1
175954,1,0
175967,0,0
176115,1,0
176142,0,1
176166,1,0
176278,1,0
176284,1,0
176359,1,0
176379,0,0
176480,1,0
176521,0,1
176599,1,0
176611,1,0
176688,1,0
176848,2,0
176885,2,0
177029,2,0
177146,1,0
177199,2,0
177345,2,0
177457,1,0
177483,1,0
177518,1,0
177583,0,1
177598,1,0
177677,2,0
177700,1,0
177713,0,1
177814,2,0
177962,1,0
177993,1,0
178036,1,0
178077,1,0
178081,2,0
178157,2,0
178160,1,0
178331,1,0
178335,1,0
178403,0,0
178409,0,1
178459,2,0
178461,2,0
178540,1,0
178565,2,0
178643,1,0
178720,1,0
178864,1,0
179042,1,0
179053,0,0
179075,1,0
179153,1,0
179489,2,0
179585,1,0
179590,1,0
179603,1,0
179707,2,0
179719,1,0
179773,1,0
179870,1,0
179944,1,0
179956,2,0
180009,1,0
180024,2,0
180137,2,0
180140,1,0
180207,1,0
180216,1,0
180219,2,0
180231,2,0
180321,2,0
180380,1,0
180411,1,0
180484,2,0
180488,1,0
180832,2,0
180922,1,0
180925,1,0
180977,1,0
181033,2,0
181082,1,0
181139,1,0
181140,0,1
181184,1,0
181377,1,0
181423,1,0
181434,2,0
181498,2,0
181607,2,0
181726,1,0
181728,1,0
181770,2,0
181825,1,0
181830,1,0
181852,1,0
182058,1,0
182124,1,0
182130,2,0
182148,1,0
182159,2,0
182184,1,0
182205,2,0
182235,1,0
182272,1,0
182320,1,0
182459,1,0
182490,1,0
182519,1,0
182531,2,0
182534,1,0
182543,1,0
182587,1,0
182749,1,0
182782,1,0
182785,1,0
183020,1,0
183023,2,0
183025,1,0
183052,1,0
183096,1,0
183129,1,0
183208,1,0
183224,1,0
183235,1,0
183305,1,0
183339,2,0
183374,1,0
183388,2,0
183456,2,0
183523,1,0
183626,1,0
183692,0,0
183716,1,0
183748,1,0
183754,1,0
183755,1,0
183885,2,0
183948,1,0
184009,1,0
184035,2,0
184045,0,1
184090,1,0
184151,1,0
184206,1,0
184207,2,0
184306,1,0
184456,1,0
184466,1,0
184478,1,0
184490,2,0
184496,1,0
184635,1,0
184678,2,0
184735,1,0
184754,1,0
184755,0,1
184895,1,0
184924,2,0
184959,1,0
184976,1,0
185013,1,0
185101,1,0
185129,1,0
185153,1,0
185285,1,0
185288,2,0
185496,1,0
185509,1,0
185531,2,0
185561,1,0
185573,1,0
185774,1,0
185808,1,0
185815,2,0
185830,1,0
185835,1,0
185857,1,0
185919,1,0
186015,1,0
186020,1,0
186146,2,0
186199,1,0
186246,1,0
186295,1,0
186469,2,0
186539,1,0
186593,1,0
186668,1,0
186729,2,0
186754,1,0
186807,2,0
186810,1,0
186901,2,0
186942,2,0
187010,0,0
187025,1,0
187041,1,0
187077,1,1
187141,0,1
187161,2,0
187175,1,0
187291,1,0
187318,1,0
187390,1,0
187435,1,0
187459,2,0
187618,2,0
187710,1,0
187758,0,1
187835,2,0
187838,1,0
187876,2,0
187887,2,0
187902,2,0
187958,2,0
188006,1,0
188033,1,0
188071,1,0
188120,1,0
188136,1,0
188147,1,0
188218,2,0
188307,1,0
188318,1,0
188328,0,1
188340,1,0
188470,2,0
188542,1,0
188559,1,0
188655,1,0
188668,1,0
188828,1,0
188893,1,0
189139,1,0
189146,1,0
189158,1,0
189197,1,0
189294,0,0
189329,1,0
189611,1,0
189613,2,0
189666,2,0
189707,1,0
189775,1,0
189817,1,0
189822,1,0
189836,1,0
189854,2,0
189914,1,0
190052,1,0
190149,1,0
190227,1,0
190236,1,0
190256,1,0
190405,2,0
190429,0,1
190465,1,0
190524,1,0
190529,1,0
190561,1,0
190570,2,0
190716,1,0
190720,1,0
190791,1,0
190827,2,0
191044,2,0
191057,2,0
191065,1,0
191150,0,0
191189,2,0
191508,2,0
191537,1,0
191558,1,0
191626,2,0
191638,1,0
191656,2,0
191780,2,0
191814,1,0
191869,1,0
191917,1,0
192009,1,0
192013,1,0
192096,2,0
192098,0,1
192115,1,0
192136,1,0
192141,1,0
192177,1,0
192250,1,0
192355,1,0
192405,1,0
192543,1,0
192554,1,0
192556,2,0
192600,1,0
192651,1,0
192685,1,0
192691,1,0
192772,2,0
192816,0,1
192898,1,0
192994,1,0
193020,0,0
193037,1,0
193147,1,0
193150,1,0
193212,1,0
193519,0,1
193564,1,0
193662,1,1
193665,1,0
193722,1,0
193747,1,0
193775,1,0
193781,1,0
193824,1,0
193827,1,0
193917,1,0
193928,1,0
193946,2,0
193953,1,0
194009,2,0
194065,2,1
194200,1,0
194254,1,0
194297,1,0
194394,1,0
194480,2,0
194482,1,0
194493,1,0
194571,1,0
194640,1,0
194657,2,0
194694,1,0
194709,1,0
194722,1,0
194737,1,0
194758,1,0
194762,2,0
194786,1,0
194813,2,0
194855,1,0
194859,0,0
194886,1,0
194959,1,0
195069,2,0
195131,2,0
195137,1,0
195150,0,1
195368,1,0
195419,1,0
195594,1,0
195684,1,0
195806,1,0
195848,1,0
195895,0,0
195960,1,0
195977,1,0
195994,0,1
196016,1,0
196096,2,0
196202,1,0
196240,1,0
196367,1,0
196442,1,0
196467,1,0
196469,1,0
196514,1,0
196582,1,0
196583,1,0
196757,2,0
196777,1,0
196779,1,0
196798,1,0
196812,1,0
196845,1,0
196892,1,0
196905,1,0
196992,1,0
197062,2,0
197063,2,0
197067,1,0
197086,1,0
197096,1,0
197113,1,0
197138,1,0
197192,1,0
197239,2,0
197320,1,0
197491,2,0
197509,1,0
197514,1,0
197529,2,0
197578,1,0
197608,1,0
197642,1,0
197855,2,0
197890,1,0
197973,2,0
198010,1,0
198075,1,0
198123,1,0
198147,2,0
198167,1,0
198354,2,0
198407,2,0
198424,1,0
198456,2,0
198485,1,0
198499,1,1
198570,2,0
198625,1,0
198645,1,0
198713,1,0
198785,2,0
198813,1,0
198836,1,0
198900,1,0
198961,2,0
199021,2,0
199073,1,0
199342,1,0
199358,2,0
199374,0,1
199405,1,0
199478,1,0
199493,2,0
199494,2,0
199507,1,0
199509,1,0
199513,1,0
199603,1,0
199652,1,0
199792,2,0
199809,1,0
199810,1,0
199959,0,0
200012,1,0
200065,1,0
200067,1,0
200077,1,0
200168,1,0
200309,1,0
200321,1,0
200326,1,0
200519,1,1
200552,1,0
200663,2,0
200681,1,0
200708,1,0
200744,1,0
200764,2,0
200802,1,0
200863,1,0
200877,1,0
200960,1,0
200991,1,0
201055,2,0
201115,0,1
201220,1,0
201256,1,0
201273,0,1
201276,1,0
201292,1,0
201339,1,0
201343,2,0
201355,1,0
201365,1,0
201436,2,0
201475,0,1
201550,2,0
201561,2,0
201564,1,0
201574,2,0
201683,1,0
201709,1,0
201816,1,0
201891,1,0
201898,2,0
202035,2,0
202052,2,0
202055,1,0
202108,2,0
202156,1,0
202182,1,0
202218,1,0
202227,2,0
202248,1,0
202271,2,0
202293,1,0
202299,1,0
202329,0,0
202358,1,0
202585,1,0
202696,1,0
202716,1,0
202761,2,0
202784,1,0
202807,1,0
202831,1,0
202859,1,0
202864,1,0
203033,1,0
203084,1,0
203133,1,0
203143,2,0
203184,1,0
203245,2,0
203258,2,0
203293,1,0
203306,0,1
203409,2,0
203517,2,0
203550,1,0
203577,1,0
203607,1,0
203625,1,0
203696,1,0
203698,1,0
203745,1,0
203772,1,0
203773,2,0
203809,2,0
203815,2,0
203864,1,0
203947,2,0
203950,2,0
203973,2,0
204000,1,0
204042,1,0
204111,2,0
204220,1,0
204237,2,0
204311,2,0
204343,1,0
204375,2,0
204424,1,0
204484,1,0
204507,2,0
204535,2,0
204686,1,0
204693,1,0
204763,1,0
204840,2,0
204848,2,0
204926,2,0
204935,1,0
204994,1,0
205087,1,0
205111,2,0
205156,1,0
205170,1,0
205195,2,0
205197,1,0
205256,1,0
205367,1,0
205371,1,0
205413,0,1
205430,1,0
205445,1,0
205465,2,0
205505,1,0
205658,1,0
205671,1,0
205697,1,0
205698,1,0
205785,1,0
205826,2,0
206050,2,0
206108,1,0
206119,1,0
206207,1,0
206284,0,1
206328,1,0
206332,2,0
206366,1,0
206466,0,1
206576,2,0
206591,1,0
206680,1,0
206772,1,0
206773,1,0
206871,1,0
206890,1,0
206914,1,0
206925,1,0
206947,2,0
206992,1,0
207001,1,0
207047,2,0
207110,1,0
207195,1,0
207220,1,0
207372,2,0
207453,1,0
207484,2,0
207492,1,0
207500,1,0
207543,1,0
207576,1,0
207821,1,0
207860,2,0
207865,1,0
208234,1,0
208241,2,0
208256,1,0
208323,1,0
208329,1,0
208368,0,1
208375,1,0
208485,1,1
208517,0,0
208553,1,0
208584,1,0
208585,2,0
208586,2,0
208630,2,0
208634,1,0
208649,1,0
208668,2,0
208787,1,0
208940,1,0
208961,0,1
208967,1,0
209021,1,0
209022,1,0
209058,1,0
209102,1,0
209107,2,1
209134,2,0
209172,1,0
209249,1,0
209357,1,0
209405,1,0
209675,1,0
209729,1,0
209787,1,0
209831,1,0
209846,2,0
209850,2,0
209886,1,0
209994,1,0
210100,2,0
210148,2,0
210205,1,0
210226,1,0
210236,1,0
210247,2,0
210291,1,0
210298,1,0
210339,1,0
210385,0,0
210416,1,0
210442,0,1
210485,2,0
210498,1,0
210630,1,0
210647,1,0
210725,1,0
210734,1,0
210746,2,0
210752,1,0
210755,1,0
210761,2,0
210770,1,0
210815,2,0
210835,1,0
210870,1,0
210910,1,0
211030,1,0
211043,1,0
211058,1,0
211083,1,0
211217,2,0
211475,2,0
211524,1,0
211549,1,0
211575,1,0
211589,1,0
211625,1,0
211714,1,0
211715,2,0
211755,1,0
211802,1,0
211842,1,0
211891,1,0
211966,1,0
211984,2,0
212128,0,1
212130,1,0
212189,1,0
212209,1,0
212230,1,0
212301,2,0
212304,1,0
212350,1,0
212477,1,0
212484,2,0
212493,2,0
212544,1,0
212553,2,0
212579,2,0
212602,0,1
212604,1,0
212695,2,0
212707,1,0
212735,1,0
212762,1,0
212848,2,0
212849,1,0
212862,1,0
212977,2,0
213013,1,0
213086,2,0
213112,1,0
213113,1,0
213177,1,0
213246,1,0
213297,1,0
213303,1,0
213432,1,0
213480,1,0
213545,2,0
213723,1,0
213813,1,0
213841,1,0
213934,1,0
213979,1,0
214020,1,0
214030,1,0
214095,0,1
214123,2,0
214322,1,0
214354,1,0
214504,1,0
214605,1,0
214639,1,0
214661,1,0
214878,1,0
214995,1,0
215051,2,0
215089,1,0
215257,1,0
215260,1,0
215294,2,0
215314,2,0
215508,1,1
215567,1,0
215626,1,0
215639,2,0
215651,1,0
215719,2,0
215751,2,0
215840,1,0
215869,1,0
215952,2,0
215955,1,0
216040,1,0
216072,2,0
216095,0,1
216109,1,0
216139,1,0
216269,1,0
216359,2,0
216445,2,0
216467,1,0
216487,1,0
216500,2,0
216517,1,0
216573,1,0
216596,0,0
216652,0,1
216658,1,0
216661,0,0
216666,2,0
216683,1,0
216719,1,0
216725,1,0
216762,1,0
216937,2,0
216946,1,0
217051,1,0
217054,1,1
217124,1,0
217204,1,0
217235,2,0
217284,2,0
217364,0,1
217401,2,0
217497,2,0
217616,2,0
217695,1,0
217754,1,0
217761,2,0
217772,2,0
217792,1,0
217802,2,0
217862,1,0
217967,2,0
218122,1,0
218127,2,0
218241,1,0
218277,1,0
218278,0,1
218311,1,0
218362,1,0
218373,2,0
218383,1,0
218425,1,0
218529,2,0
218538,1,0
218545,1,0
218601,1,0
218757,2,0
218917,1,0
219043,1,0
219139,1,0
219160,2,0
219270,2,0
219276,1,0
219413,1,0
219431,0,1
219555,2,0
219646,2,0
219714,1,0
219747,1,0
219779,1,0
219806,2,0
219984,0,1
220131,0,1
220139,2,0
220244,1,0
220315,2,0
220358,1,0
220538,2,0
220564,1,0
220601,2,0
220616,1,0
220794,1,0
220802,1,0
220806,1,0
220808,0,1
220822,1,0
220892,1,0
221014,2,0
221075,1,0
221204,1,0
221205,1,0
221254,1,0
221287,1,0
221328,1,0
221345,2,0
221361,2,0
221388,1,0
221446,1,0
221469,1,0
221595,2,0
221627,2,0
221643,1,0
221709,2,1
221721,1,0
221775,1,0
221813,0,0
221862,1,0
221993,2,0
222050,0,1
222065,1,0
222102,1,0
222278,1,0
222280,0,1
222425,2,0
222453,1,0
222490,1,0
222644,2,1
222702,2,0
222743,1,0
222748,1,0
222874,1,0
222929,1,0
222960,1,0
223018,2,0
223081,2,0
223238,2,0
223313,2,0
223354,1,0
223380,2,0
223534,1,0
223587,1,0
223632,1,0
223638,2,0
223643,2,0
223684,2,0
223946,1,0
223958,1,0
224000,1,0
224130,1,0
224132,2,0
224178,2,0
224298,1,0
224384,1,0
224402,1,0
224530,2,0
224607,2,0
224661,1,0
224664,1,0
224666,2,0
224676,2,0
224691,1,0
224740,1,1
224842,2,0
224854,1,0
224924,1,0
224952,1,0
225067,1,0
225077,1,0
225087,1,0
225088,1,0
225205,2,0
225262,1,0
225279,0,1
225318,1,0
225327,1,0
225363,1,0
225482,1,0
225486,1,0
225529,2,0
225576,0,1
225656,2,0
225743,2,0
225746,1,0
225748,2,0
225891,1,0
225920,1,0
225930,0,0
225972,1,0
226176,2,0
226191,1,0
226194,1,0
226360,1,0
226387,2,0
226422,1,0
226511,1,0
226643,2,0
226710,1,0
226804,2,1
226842,1,0
226847,2,0
226866,1,0
226924,0,0
227008,1,0
227015,1,0
227234,1,0
227239,1,0
227274,2,0
227293,1,0
227303,2,0
227398,2,0
227429,1,0
227433,2,0
227547,1,0
227796,1,0
227804,1,0
227808,0,0
227906,1,0
228030,2,0
228151,1,0
228273,1,0
228469,2,0
228557,2,0
228580,1,0
228673,1,0
228748,1,0
228772,2,0
228820,2,0
228896,2,0
228984,1,0
228995,1,0
229075,2,0
229094,1,0
229166,1,1
229204,2,0
229210,1,0
229265,1,0
229308,2,0
229391,2,0
229436,1,0
229530,1,0
229612,1,0
229621,1,0
229636,2,0
229677,1,0
229692,2,0
229842,1,0
229861,2,0
230027,1,0
230070,2,0
230101,1,0
230124,2,0
230240,1,0
230311,1,0
230337,2,0
230429,1,0
230560,0,1
230687,2,0
230693,1,0
230763,1,0
230840,1,0
230908,1,0
230942,1,0
231013,1,0
231047,2,0
231080,2,0
231084,1,0
231090,1,0
231273,1,0
231319,2,0
231462,1,0
231508,1,0
231530,1,0
231592,1,0
231614,1,0
231641,1,0
231755,1,0
231843,1,0
231992,0,1
232022,1,0
232137,1,0
232203,2,0
232290,2,0
232317,2,0
232395,1,0
232426,2,0
232450,1,0
232533,2,0
232555,1,0
232579,2,0
232609,1,0
232685,1,0
232703,1,0
232755,0,0
232871,1,0
232884,2,0
232907,2,0
232924,1,0
233017,1,0
233051,2,0
233084,1,1
233437,2,0
233646,2,0
233738,1,0
233768,1,0
233774,1,0
233819,1,0
233831,2,0
233877,2,0
233958,1,0
233969,1,0
233991,1,0
234047,1,0
234256,1,0
234435,1,0
234454,2,0
234515,1,0
234562,1,0
234588,1,0
234630,1,0
234807,1,0
234836,2,0
234866,1,0
234878,1,0
234895,2,0
234922,2,0
234973,1,0
235030,2,0
235063,1,0
235092,1,0
235102,1,0
235220,2,0
235229,0,1
235391,1,0
235398,1,0
235428,1,0
235454,2,0
235459,1,0
235506,2,0
235585,2,0
235629,2,0
235683,1,0
235709,1,0
235716,1,0
235857,1,0
235872,1,0
235882,1,0
235885,1,0
235930,1,0
236001,1,0
236003,1,0
236026,1,0
236037,2,0
236093,1,0
236129,1,0
236165,1,0
236300,2,0
236395,1,0
236593,1,0
236701,0,1
236710,1,0
236767,1,0
236794,2,0
236874,1,0
237018,1,0
237094,1,1
237105,2,0
237106,1,0
237107,2,0
237274,1,0
237293,1,0
237303,1,0
237312,0,1
237319,2,0
237402,1,0
237434,1,0
237492,1,0
237586,1,0
237651,1,0
237729,1,0
237751,2,0
237770,1,0
237858,0,1
237888,1,0
237984,1,0
238063,2,0
238070,2,0
238119,1,0
238156,1,0
238193,1,0
238233,2,0
238342,0,0
238367,1,0
238434,1,0
238442,1,0
238556,1,0
238607,1,0
238640,2,0
238647,1,0
238649,1,0
238752,1,0
238753,1,0
238796,1,0
238814,1,0
238939,2,0
239027,1,0
239182,1,0
239184,1,0
239221,2,0
239276,1,0
239457,0,1
239476,1,0
239490,1,0
239525,0,0
239605,1,0
239606,1,0
239749,0,1
239892,1,0
239955,0,1
239956,1,0
239970,1,0
240044,1,0
240132,1,0
240135,1,0
240141,2,0
240143,2,0
240209,2,0
240299,2,0
240330,1,0
240362,1,0
240365,2,0
240442,1,0
240476,1,0
240500,2,0
240760,1,0
240761,1,0
240774,2,0
240829,1,0
240861,2,0
240886,1,0
240942,1,0
240963,0,1
241038,1,0
241069,2,0
241144,1,0
241165,2,0
241167,1,0
241374,1,0
241391,1,0
241421,2,0
241436,1,0
241455,2,0
241468,2,0
241495,1,0
241600,1,0
241641,1,0
241675,1,0
241677,1,0
241714,1,0
241849,1,0
241854,2,1
241967,1,0
241990,2,0
242028,1,0
242203,2,0
242288,1,0
242304,1,0
242348,1,0
242377,2,1
242387,0,1
242637,2,0
242719,2,0
242779,1,0
242789,1,0
242812,1,0
242839,2,0
242917,1,0
242980,2,0
243001,2,0
243005,1,0
243018,1,0
243061,1,0
243153,2,0
243191,1,0
243272,2,0
243273,2,0
243294,2,0
243444,1,0
243455,1,0
243557,1,0
243642,1,0
243696,1,0
243713,0,1
243726,2,0
243734,1,0
243741,1,1
243751,1,0
243965,2,0
244032,1,0
244039,1,0
244099,0,1
244132,1,0
244245,1,0
244271,1,0
244296,1,0
244308,1,0
244367,1,0
244387,1,0
244398,1,0
244414,1,0
244419,0,1
244475,1,0
244527,2,1
244538,1,0
244595,2,0
244611,1,0
244652,1,0
244676,1,0
244721,1,0
244734,2,0
244762,1,0
244844,2,0
244865,1,0
244925,1,0
245066,0,1
245227,2,0
245289,1,0
245307,2,0
245356,1,0
245419,1,0
245440,2,0
245465,1,0
245575,1,0
245604,1,0
245671,2,0
245800,1,0
245929,1,0
246059,1,0
246117,2,0
246187,1,0
246273,1,0
246323,1,0
246399,2,0
246405,1,0
246421,0,1
246517,1,0
246571,1,0
246581,2,0
246591,2,0
246690,0,1
246722,2,0
246734,1,0
246736,1,0
246737,1,0
246775,2,0
246800,2,0
246911,2,0
246935,1,0
247050,1,0
247103,2,0
247180,1,0
247220,1,0
247247,2,0
247391,2,0
247433,2,0
247471,1,0
247514,1,0
247551,1,0
247607,1,0
247645,1,0
247680,1,0
247692,2,0
247714,1,0
247721,1,0
247833,2,0
248011,1,0
248138,1,0
248196,2,0
248265,1,0
248356,1,0
248433,1,0
248445,2,0
248461,1,0
248487,1,0
248497,2,0
248593,1,0
248620,1,0
248664,2,0
248752,2,0
248885,1,0
248886,2,0
248950,2,0
248952,1,0
249019,1,0
249224,1,0
249270,0,1
249352,1,0
249381,1,0
249408,0,1
249466,1,0
249555,1,0
249559,1,0
249639,2,0
249693,1,0
249723,1,0
249795,1,0
249811,2,0
249813,1,0
249833,2,0
249841,1,0
249982,1,0
250089,2,1
250194,2,0
250280,1,0
250311,1,0
250315,1,0
250363,0,0
250380,1,0
250391,2,0
250422,1,0
250540,2,0
250586,1,0
250609,2,0
250619,1,0
250696,1,0
250711,2,0
250854,1,0
250921,1,0
251012,1,0
251020,2,0
251023,1,0
251081,2,0
251095,1,0
251116,2,0
251195,1,0
251211,1,0
251223,1,0
251324,1,0
251432,1,0
251436,1,0
251521,2,0
251641,1,0
251779,1,0
251874,2,0
251950,1,0
252082,1,0
252110,1,0
252135,2,1
252136,1,0
252147,0,1
252165,2,0
252271,1,0
252341,1,0
252419,1,0
252450,0,1
252472,2,1
252476,1,0
252531,2,0
252563,2,0
252628,2,0
252679,1,0
252782,1,0
252954,1,0
253046,1,0
253056,2,0
253082,2,0
253098,1,0
253210,1,0
253282,1,0
253283,2,0
253412,2,0
253466,2,0
253528,1,0
253601,1,0
253609,0,1
253619,2,0
253635,1,0
253689,1,0
253825,1,0
253852,1,0
254097,0,0
254161,2,0
254230,1,0
254361,1,0
254371,1,0
254372,1,0
254428,2,0
254546,1,0
254567,2,0
254575,1,0
254579,1,0
254667,1,0
254683,1,0
254745,0,1
254853,2,0
254860,1,0
254940,1,0
255019,2,0
255028,2,0
255032,2,0
255087,1,0
255108,1,0
255183,2,0
255215,1,0
255267,1,0
255320,1,0
255333,1,0
255425,1,0
255475,1,1
255509,1,0
255546,1,0
255623,2,0
255653,1,0
255718,1,0
255740,1,0
255767,2,0
255818,2,0
255836,1,1
255951,1,0
255994,0,1
256003,1,0
256013,1,0
256135,1,0
256147,1,0
256188,2,0
256189,2,0
256198,2,0
256323,1,0
256360,1,0
256434,1,0
256467,2,0
256483,1,0
256486,1,0
256502,1,0
256544,1,0
256574,1,0
256627,2,0
256731,1,0
256755,2,0
256821,2,0
256920,2,0
256945,2,0
257194,2,0
257236,1,0
257301,1,0
257369,2,0
257391,1,0
257393,2,0
257417,1,0
257440,1,0
257463,2,0
257506,1,0
257509,2,0
257575,2,0
257579,1,0
257705,1,0
257820,2,0
257862,2,0
257864,2,0
257880,2,0
257981,1,0
257985,1,0
258067,1,0
258088,1,0
258102,1,0
258123,1,0
258141,2,0
258166,1,0
258184,1,0
258202,1,0
258228,2,0
258238,1,0
258248,1,0
258296,1,0
258323,1,0
258358,2,0
258408,0,1
258799,0,1
258849,1,0
258860,1,0
258951,1,0
259067,1,0
259110,1,0
259170,2,0
259219,2,0
259252,1,0
259342,1,0
259446,1,0
259532,1,0
259634,2,0
259700,2,0
259734,2,0
259789,0,1
259878,1,0
260000,1,0
260106,2,0
260112,2,0
260155,1,0
260245,1,0
260285,2,0
260408,1,0
260452,1,0
260464,1,0
260513,1,0
260515,1,0
260622,1,0
260685,1,0
260712,2,0
260714,1,0
260726,1,0
260838,1,0
260855,1,0
261044,1,1
261077,1,0
261109,1,0
261125,1,0
261187,2,0
261229,1,0
261273,0,1
261283,1,0
261331,1,0
261423,1,0
261426,2,0
261468,1,0
261573,1,0
261582,1,0
261715,1,0
261767,2,0
261780,1,0
261787,1,0
261789,1,0
261832,1,0
261957,1,0
261964,1,0
262099,1,0
262176,1,0
262177,1,0
262211,1,0
262305,1,0
262336,1,0
262351,1,0
262366,1,0
262369,1,0
262374,1,0
262422,1,0
262467,1,0
262508,1,0
262526,1,0
262562,1,0
262574,2,0
262586,1,0
262613,1,0
262683,1,0
262717,1,0
262770,0,1
262774,1,0
262810,1,0
262937,2,0
263055,1,0
263068,1,0
263069,1,0
263080,1,0
263127,1,0
263237,1,0
263246,1,0
263260,1,0
263267,2,0
263302,1,0
263339,1,0
263402,1,0
263433,1,0
263569,1,0
263592,1,0
263612,1,0
263707,2,0
263729,2,0
263762,1,0
263763,2,0
263766,1,0
263781,0,1
263812,1,0
263822,2,0
263866,1,0
263921,1,0
264018,1,0
264034,2,1
264050,2,0
264053,2,0
264064,2,0
264095,2,0
264107,0,0
264145,1,0
264234,1,0
264236,1,0
264308,2,0
264331,1,0
264365,2,0
264409,0,1
264486,1,0
264491,1,0
264632,1,0
264690,1,0
264701,2,0
264723,1,0
264733,1,0
264741,1,0
264823,1,0
264904,2,0
264936,1,0
265072,1,0
265226,1,0
265284,1,0
265297,2,0
265317,1,0
265383,1,0
265557,1,0
265566,1,0
265575,1,0
265612,2,0
265665,2,0
265677,1,0
265784,2,0
265836,1,0
265975,1,0
266148,1,0
266234,1,0
266284,1,0
266298,2,0
266326,2,0
266365,1,0
266377,0,1
266429,2,0
266474,2,0
266479,1,0
266516,1,0
266536,2,0
266541,2,0
266561,2,0
266604,1,0
266640,1,0
266757,1,0
266861,2,0
266884,2,0
266953,0,1
266968,1,0
267020,1,0
267245,1,0
267291,1,0
267306,1,0
267352,1,0
267428,1,0
267474,1,0
267566,1,0
267717,2,0
267739,1,0
267930,2,0
267944,1,0
267951,1,0
268076,1,0
268094,2,0
268128,1,0
268129,1,0
268139,1,0
268145,1,0
268281,1,0
268293,1,0
268307,1,0
268414,1,0
268439,1,0
268500,2,0
268630,1,0
268643,2,0
268789,1,0
268842,1,0
268932,2,0
268958,1,0
269070,1,0
269120,1,0
269154,1,0
269297,1,0
269434,2,0
269565,1,0
269632,1,0
269694,1,0
269775,2,0
269960,1,0
270011,1,0
270022,2,0
270160,2,0
270183,1,0
270203,2,0
270248,1,0
270266,1,0
270304,1,0
270337,1,0
270389,1,0
270499,1,0
270570,1,0
270575,1,0
270723,1,0
270730,1,0
270759,1,0
270761,1,0
270862,1,0
270901,1,0
270909,1,0
270935,1,0
270969,2,0
271043,1,0
271059,2,0
271148,1,0
271235,1,0
271297,2,0
271357,1,0
271365,1,0
271432,1,0
271463,1,0
271641,0,1
271660,2,0
271675,1,0
271680,1,0
271911,1,0
271929,2,0
271987,2,0
272001,1,0
272097,2,0
272114,2,0
272123,2,0
272144,1,0
272148,1,0
272225,2,0
272250,0,1
272289,2,0
272476,1,0
272551,2,0
272568,1,0
272672,1,0
272686,2,0
272787,1,0
272812,1,0
272839,1,0
272848,1,0
272893,1,0
272944,1,0
273020,1,0
273052,1,0
273054,2,0
273070,1,0
273144,1,0
273177,1,0
273179,1,0
273198,1,0
273213,1,0
273243,1,0
273353,2,0
273357,1,0
273391,1,0
273414,1,0
273478,1,1
273552,2,0
273984,1,0
274083,1,0
274107,2,0
274117,1,0
274141,1,0
274179,2,0
274204,1,0
274211,1,0
274264,1,0
274354,1,0
274410,1,0
274428,1,0
274431,0,1
274473,1,0
274535,2,0
274622,2,0
274698,1,0
274765,2,0
274803,0,1
274817,1,0
274858,1,0
274879,2,0
274896,1,0
275049,1,0
275118,1,0
275209,1,0
275244,1,0
275287,1,0
275298,1,0
275306,1,0
275358,1,0
275386,1,0
275387,0,0
275413,0,1
275442,1,0
275446,1,0
275531,1,0
275637,1,0
275670,1,0
275694,0,1
275762,1,0
275807,2,0
275846,0,0
275849,1,0
275933,2,0
275949,0,1
275954,2,0
276035,1,0
276037,1,0
276100,1,0
276152,1,0
276204,1,0
276255,1,0
276289,1,0
276484,2,0
276494,1,0
276648,1,0
276650,1,0
276673,1,0
276746,1,0
276806,0,0
276931,2,0
276937,1,0
276947,0,1
276967,2,0
276990,1,0
277025,2,0
277033,1,0
277091,2,0
277094,1,0
277139,1,0
277145,1,0
277188,1,0
277281,1,0
277285,1,0
277341,2,0
277356,2,0
277367,1,0
277370,2,0
277375,1,0
277430,2,0
277494,1,0
277565,1,0
277587,1,0
277594,1,0
277607,2,0
277610,1,0
277649,1,0
277769,2,0
277783,1,0
277788,1,0
277826,2,0
277855,1,0
277884,2,0
277910,1,0
278013,1,0
278045,2,0
278054,2,0
278059,2,0
278164,1,0
278213,2,0
278227,2,0
278307,1,0
278345,2,0
278464,2,0
278539,1,0
278568,2,0
278676,1,0
278719,2,0
278815,1,0
278822,1,0
278836,2,0
278854,1,1
278865,1,0
278898,1,0
278916,1,0
278928,2,0
278932,1,0
278983,1,0
278987,1,0
279221,1,0
279231,1,0
279380,2,0
279408,1,0
279409,1,0
279419,1,1
279430,1,0
279468,1,0
279580,1,0
279634,2,0
279654,1,0
279693,1,0
279777,1,0
279821,1,0
279883,2,0
279919,1,0
279967,1,0
280087,1,0
280216,2,0
280292,1,0
280545,1,0
280574,1,0
280588,1,0
280602,2,0
280603,1,0
280641,1,0
280659,1,0
280790,2,0
280796,1,0
280822,1,0
280828,1,0
280864,1,0
280879,2,0
280895,1,0
281032,2,0
281064,1,0
281075,1,0
281108,0,0
281118,2,0
281305,1,0
281328,1,0
281449,1,0
281550,1,0
281571,1,0
281585,1,0
281608,1,0
281737,0,0
281777,2,1
281926,1,0
281952,2,0
281979,1,0
282041,1,0
282140,0,1
282181,2,0
282259,1,0
282472,2,0
282532,2,0
282542,1,0
282545,2,0
282678,1,0
282723,1,0
282759,2,0
282854,1,0
282872,1,0
282896,1,0
282930,1,0
283066,1,0
283110,1,0
283122,1,0
283133,1,0
283290,1,0
283314,2,0
283326,0,1
283338,1,0
283358,1,0
283437,1,0
283654,2,0
283709,1,0
283747,1,0
283770,1,0
283807,1,0
283822,1,0
283929,1,0
283980,1,0
283994,2,0
284203,1,0
284290,1,0
284362,1,0
284419,1,0
284442,1,0
284461,1,0
284610,1,0
284621,2,0
284782,1,0
284866,1,0
284889,1,0
284892,0,0
285074,2,0
285122,1,0
285202,2,0
285220,1,0
285335,1,0
285386,2,0
285411,1,0
285484,2,0
285485,2,0
285579,0,0
285631,1,0
285636,2,0
285738,2,0
285767,2,0
285776,1,0
285909,0,1
285938,1,0
285942,1,0
285982,2,0
286065,1,0
286114,1,0
286182,2,0
286225,1,0
286262,1,0
286370,1,0
286388,2,0
286551,1,0
286611,0,1
286614,2,0
286636,1,1
286641,1,0
286718,1,0
286883,1,0
286927,1,0
286942,2,0
286954,1,0
286975,1,0
286989,1,0
287023,1,0
287088,1,0
287097,1,0
287198,1,0
287211,2,0
287212,1,0
287224,2,0
287254,1,0
287266,1,0
287343,2,0
287385,2,0
287414,1,0
287591,1,0
287593,1,0
287690,1,0
287750,1,0
287799,1,0
287927,1,0
287942,1,0
287962,2,0
287979,1,0
288015,2,0
288112,2,0
288164,2,0
288369,1,0
288384,1,0
288419,1,0
288451,2,0
288491,1,0
288500,1,0
288530,1,0
288612,2,0
288636,2,0
288735,1,0
288774,2,0
288776,1,0
289116,0,0
289133,1,0
289134,2,0
289139,1,0
289151,1,0
289177,1,0
289294,1,0
289354,1,0
289472,1,0
289476,0,1
289516,1,0
289665,1,0
289693,2,0
289732,1,0
289863,1,0
289921,1,0
289968,0,1
290024,2,0
290091,1,0
290109,2,1
290184,1,0
290200,2,0
290249,1,1
290250,0,1
290356,0,1
290362,1,0
290395,1,0
290445,1,0
290465,1,0
290507,2,0
290517,2,0
290554,1,0
290564,1,0
290599,2,0
290620,2,0
290638,1,0
290756,1,0
290902,1,0
290964,2,0
290994,1,0
291148,1,0
291336,1,0
291509,0,1
291510,1,0
291595,2,0
291831,2,0
292021,1,0
292035,2,0
292049,1,0
292061,1,0
292084,1,0
292096,1,0
292164,2,0
292384,1,0
292497,1,0
292516,2,0
292546,0,0
292617,1,0
292618,1,0
292843,1,0
292957,1,0
293100,2,0
293137,2,0
293212,1,0
293222,0,0
293266,1,0
293343,2,0
293496,1,0
293531,1,0
293663,2,0
293676,1,0
293685,2,0
293689,2,0
294005,1,0
294016,1,0
294027,1,0
294048,1,0
294071,1,0
294172,0,1
294184,2,0
294273,0,1
294278,2,0
294283,1,0
294289,2,0
294334,1,0
294396,1,0
294580,1,0
294617,1,0
294634,1,0
294642,1,0
294728,1,0
294738,2,0
294753,1,0
294849,2,0
294865,1,0
295064,1,0
295078,1,0
295138,2,0
295147,1,0
295205,1,0
295217,1,0
295302,2,0
295327,1,0
295355,1,1
295387,1,0
295412,1,0
295423,1,0
295510,1,0
295533,1,0
295561,2,0
295578,1,0
295795,2,0
295884,1,0
295906,1,0
295929,1,0
296088,2,0
296095,2,0
296097,1,0
296104,2,0
296141,2,0
296146,1,0
296217,2,0
296412,0,1
296457,2,0
296566,2,0
296567,0,1
296579,2,0
296626,1,0
296689,1,0
296690,1,0
296736,1,0
296887,1,0
296915,1,0
296997,1,0
297101,1,0
297167,0,1
297172,1,0
297218,2,0
297306,1,0
297327,1,0
297379,1,0
297382,1,0
297427,2,0
297520,1,0
297568,1,0
297607,1,0
297621,1,0
297684,0,1
297702,1,0
297869,1,0
297954,2,0
298063,1,0
298098,2,0
298156,2,0
298160,2,0
298181,1,0
298232,1,0
298280,1,0
298327,1,0
298343,1,0
298344,1,0
298506,2,0
298535,1,0
298539,2,0
298543,2,0
298601,1,0
298671,1,0
298681,1,0
298712,2,0
298795,1,0
298813,1,0
298817,1,0
298829,1,0
298853,1,0
298865,1,0
298869,1,0
298883,2,0
298967,2,0
298999,0,1
299034,1,0
299107,1,0
299113,1,0
299165,2,0
299204,0,1
299210,1,0
299278,1,0
299359,1,0
299366,2,0
299367,2,0
299397,2,0
299412,1,0
299419,1,0
299448,2,0
299454,2,0
299464,1,0
299501,1,0
299573,2,0
299585,1,0
299760,1,0
299769,2,0
299830,1,0
299919,0,1
300008,1,0
300023,1,0
300051,1,0
300106,2,0
300166,1,0
300371,1,0
300376,2,0
300454,2,1
300460,2,0
300465,1,0
300606,1,0
300623,2,0
300676,1,0
300678,2,0
300733,1,0
300806,1,0
300818,1,0
300836,1,0
300845,1,0
300867,2,0
300870,1,0
300945,1,0
300960,1,0
300964,1,0
301094,1,0
301112,1,0
301152,2,0
301155,1,0
301301,1,0
301323,0,1
301563,1,0
301603,1,0
301744,1,0
301760,1,0
301784,1,0
301793,1,0
301794,1,0
302056,1,0
302057,0,1
302066,2,0
302129,1,0
302134,1,0
302158,1,0
302186,1,0
302188,2,0
302198,1,0
302258,1,0
302313,2,0
302414,1,0
302460,1,0
302467,1,0
302509,2,0
302628,1,0
302657,2,0
302669,2,0
302792,2,0
302804,1,0
302827,2,0
302839,1,0
302874,1,0
302908,1,0
302921,1,0
302957,1,0
302980,2,0
303049,2,0
303207,1,0
303246,1,0
303396,2,0
303445,2,0
303573,1,0
303621,2,0
303682,1,0
303934,1,0
304080,2,0
304117,2,0
304131,1,0
304445,1,0
304528,2,0
304600,1,0
304601,1,0
304620,2,0
304643,1,0
304726,1,0
304764,2,0
304770,1,0
304779,1,0
304824,2,0
304870,2,0
304887,2,0
304944,1,0
305100,1,0
305102,1,0
305150,1,0
305171,1,0
305243,1,0
305287,2,0
305380,1,0
305412,1,0
305556,2,0
305572,2,0
305604,2,0
305618,2,0
305687,1,0
305807,1,0
305843,2,0
305857,2,0
305910,2,0
306051,1,0
306068,1,0
306110,1,0
306112,2,0
306203,2,0
306231,1,0
306288,2,0
306331,1,0
306400,1,0
306402,1,0
306596,2,0
306667,1,0
306676,1,0
306708,1,0
306869,2,0
306872,1,0
306880,1,0
306965,1,0
307032,2,0
307033,1,0
307047,1,0
307049,1,0
307136,1,0
307159,2,0
307166,1,0
307178,1,0
307233,1,0
307256,1,0
307296,1,0
307321,2,0
307619,2,0
307622,1,0
307623,1,0
307631,2,0
307740,1,0
307785,1,0
307848,1,0
307859,1,0
308144,1,0
308171,1,0
308176,1,0
308197,1,0
308202,2,0
308214,1,0
308255,2,0
308362,1,0
308379,1,0
308480,2,0
308591,1,0
308629,2,0
308704,1,1
308798,1,0
308891,1,0
308991,1,0
309041,1,0
309108,1,0
309110,2,0
309230,1,0
309277,1,0
309304,1,0
309352,1,0
309364,1,0
309408,1,0
309456,1,0
309480,1,0
309584,1,0
309602,1,0
309639,2,0
309727,1,0
309861,1,0
309921,1,0
309933,1,0
310236,2,0
310252,1,0
310396,1,0
310534,1,0
310681,2,0
310700,1,0
310833,2,0
310853,1,0
310867,2,0
310911,2,0
310965,1,0
310983,1,0
311008,2,0
311346,1,0
311363,1,0
311556,1,0
311619,1,0
311636,1,0
311684,1,0
311692,0,1
311762,1,0
311795,2,0
311841,1,0
311857,2,0
311907,1,0
311943,1,0
311946,1,0
311952,2,0
312048,1,0
312074,1,0
312148,1,0
312180,1,0
312226,2,0
312248,1,0
312312,1,0
312455,1,0
312474,2,0
312490,1,0
312530,1,0
312545,2,0
312568,1,0
312607,1,0
312630,1,0
312744,2,0
312774,1,0
312863,1,0
312867,1,0
312933,1,0
312979,1,0
313185,1,0
313254,1,0
313292,2,0
313424,1,0
313437,1,0
313461,1,0
313473,1,0
313477,1,0
313538,1,0
313544,1,0
313571,2,0
313602,1,0
313673,2,0
313681,1,0
313688,1,0
313708,1,0
313732,1,0
313763,2,0
313815,1,0
313837,0,0
313860,1,0
313982,1,0
313996,2,0
314014,1,0
314065,1,0
314081,2,0
314108,1,0
314147,1,0
314182,2,0
314189,2,0
314202,1,0
314250,1,0
314258,1,0
314317,1,0
314328,1,0
314372,1,0
314413,2,0
314441,2,0
314558,2,0
314589,1,0
314705,0,0
314713,2,0
314718,1,0
314742,1,0
314842,1,0
314898,1,0
314935,1,0
314941,1,0
315014,0,1
315054,2,0
315113,1,0
315225,1,0
315235,1,0
315242,2,0
315337,2,0
315361,1,0
315482,1,0
315527,0,0
315736,1,0
315848,1,0
315851,1,0
315869,1,0
316082,1,0
316290,1,0
316307,2,0
316308,1,0
316323,2,0
316527,1,0
316548,2,0
316633,2,0
316644,1,0
316666,2,0
316752,1,0
316793,1,0
316933,1,0
316970,2,0
316982,1,0
317001,2,0
317060,1,0
317094,1,0
317100,1,0
317137,0,1
317205,1,0
317260,1,0
317624,1,0
317664,2,0
317683,1,0
317689,2,0
317726,1,0
317774,1,0
317776,1,0
317827,1,0
317888,1,0
317919,1,0
318180,1,0
318199,1,0
318264,1,0
318285,2,0
318291,2,0
318537,2,0
318561,1,0
318564,1,0
318595,2,0
318654,1,0
318751,1,0
318753,2,0
318755,1,0
318786,1,0
318845,2,0
318902,1,0
318945,1,0
319012,1,0
319052,1,0
319059,1,0
319092,2,0
319123,1,0
319193,2,0
319304,1,0
319378,1,0
319387,1,0
319430,0,0
319433,1,0
319464,2,0
319469,1,0
319501,1,0
319504,1,0
319658,2,0
319664,1,0
319671,0,1
319742,2,0
319766,2,0
319768,0,0
319801,0,0
319822,1,0
319850,1,0
319868,1,0
319901,2,0
319947,1,0
320004,1,0
320031,1,0
320042,2,0
320180,1,0
320183,0,1
320191,1,0
320377,2,0
320414,2,0
320576,1,0
320685,1,0
320728,2,0
320772,1,0
320784,1,0
320980,2,0
320996,2,0
321012,1,0
321027,1,0
321074,1,0
321213,0,1
321227,1,0
321388,1,0
321427,2,0
321436,1,0
321457,1,0
321557,2,0
321656,2,0
321666,1,0
321734,2,0
321748,1,0
321762,1,0
321795,1,0
321954,1,0
322000,1,0
322102,2,0
322169,1,0
322193,1,0
322294,2,0
322435,2,0
322451,1,0
322501,1,0
322606,1,0
322733,1,0
322955,2,0
323043,1,0
323068,1,0
323099,1,0
323154,1,0
323249,0,1
323311,1,0
323341,2,0
323345,1,0
323424,1,0
323448,1,0
323542,1,0
323593,2,0
323660,0,1
323720,1,0
323735,1,0
323776,2,0
323792,2,0
323821,1,1
324013,2,0
324048,1,0
324049,2,0
324066,2,0
324125,1,0
324139,1,0
324143,1,0
324242,1,0
324248,1,0
324295,1,0
324364,1,0
324404,2,0
324506,1,0
324557,1,0
324662,1,0
324707,1,0
324713,2,0
324739,1,0
324773,1,0
324801,1,0
324881,1,0
324900,2,0
324997,1,0
325082,1,0
325134,1,0
325190,1,0
325268,1,0
325367,1,0
325379,1,0
325382,1,0
325490,1,0
325498,1,0
325593,0,1
325599,1,0
325661,1,0
325778,1,0
325802,1,0
325830,0,1
325901,2,0
325935,1,0
326001,1,0
326028,2,0
326069,1,0
326174,2,0
326234,1,0
326240,2,0
326267,1,0
326272,0,1
326280,1,0
326418,1,0
326561,2,0
326564,1,0
326603,1,0
326699,1,0
326703,2,0
326707,1,0
326724,1,0
326803,1,0
326823,1,0
326905,1,0
326961,1,0
326988,1,0
327015,1,0
327019,2,0
327098,1,0
327163,1,0
327203,2,0
327285,1,0
327320,1,0
327365,2,0
327470,1,0
327474,2,0
327498,2,0
327530,1,0
327555,1,0
327565,2,0
327638,2,0
327653,1,0
327688,1,0
327796,1,0
327866,2,0
327903,2,0
327910,1,0
327972,1,0
328111,1,0
328116,1,0
328173,1,0
328180,0,1
328181,1,0
328188,1,0
328198,1,0
328213,1,0
328303,1,0
328323,1,0
328349,2,0
328394,2,0
328446,1,0
328543,1,0
328576,1,0
328602,2,0
328623,1,1
328668,1,0
328754,1,0
328936,1,0
329039,1,0
329056,1,0
329088,1,0
329094,1,0
329162,1,0
329214,1,0
329215,1,0
329281,2,0
329300,1,0
329302,1,0
329355,1,0
329358,2,0
329364,1,0
329382,2,0
329446,2,0
329587,1,0
329660,2,0
329692,1,0
329720,1,0
329730,2,0
329735,1,0
329736,1,0
329826,1,0
329833,2,0
329839,1,0
329910,2,0
330040,1,0
330053,1,0
330131,1,0
330249,1,0
330278,1,0
330316,1,0
330343,1,0
330365,1,0
330433,1,0
330464,1,0
330468,1,0
330515,1,0
330562,0,1
330680,1,0
330694,0,1
330741,1,0
330779,1,0
330783,1,0
330858,1,0
330870,2,0
330947,2,0
330988,1,0
331078,1,0
331094,2,0
331184,2,0
331258,1,0
331301,1,0
331325,1,0
331353,1,0
331560,1,0
331598,1,0
331669,2,0
331697,1,0
331698,1,0
331699,1,0
331706,1,0
331857,1,0
331992,2,0
331995,2,0
332003,2,0
332027,1,0
332077,1,0
332082,1,0
332175,1,0
332208,1,0
332225,1,0
332276,1,0
332289,1,0
332387,1,0
332409,1,0
332430,1,0
332466,1,0
332711,1,0
332716,1,0
332780,1,0
332823,0,1
332855,2,0
332869,1,0
332962,1,0
332983,0,1
333039,1,0
333051,0,1
333064,1,0
333207,1,0
333213,0,0
333295,1,0
333451,1,0
333502,1,0
333595,1,0
333621,1,0
333644,2,0
333680,1,0
333694,1,0
333773,1,0
333799,1,0
333825,1,0
334003,1,0
334143,1,0
334192,2,0
334224,1,0
334273,1,0
334324,1,0
334329,1,0
334437,1,0
334454,1,0
334574,2,0
334575,1,0
334997,1,0
335137,1,0
335143,1,0
335162,1,0
335246,0,1
335306,1,0
335324,1,0
335365,1,0
335371,1,0
335421,1,0
335545,1,0
335554,1,0
335671,1,0
335755,1,0
335839,1,0
335852,1,0
335964,1,0
336025,1,0
336037,1,0
336076,2,0
336127,1,0
336138,1,0
336139,1,0
336141,1,0
336143,1,0
336238,2,0
336247,1,0
336271,1,0
336281,1,0
336341,1,0
336357,0,1
336451,2,0
336469,1,0
336484,0,0
336539,1,0
336541,2,0
336665,2,0
336722,1,0
336724,1,0
336770,1,0
336809,1,0
336817,0,1
336831,2,0
336878,2,0
336882,1,1
336902,0,1
337066,1,0
337148,1,0
337235,1,0
337260,1,0
337341,2,0
337453,1,0
337488,1,0
337812,2,0
337815,1,0
337818,1,0
337842,1,0
337857,1,0
337925,1,0
337932,2,0
337945,1,0
337980,1,0
337983,1,0
338059,1,0
338125,2,0
338212,1,0
338285,1,0
338291,2,0
338295,2,0
338346,1,0
338750,2,0
338786,1,0
338803,2,0
338808,2,0
338837,2,0
338838,1,0
338872,1,0
339005,1,0
339151,1,0
339220,1,0
339274,2,0
339371,2,0
339573,1,0
339800,2,0
339819,1,0
339845,2,0
339880,1,0
339927,1,0
339941,2,0
340156,2,0
340277,1,0
340307,2,0
340467,1,0
340479,1,0
340492,2,0
340574,1,0
340583,1,0
340604,2,0
340638,0,1
340691,1,0
340723,2,0
340736,2,0
340782,1,0
340802,1,0
340874,1,0
340881,2,0
340924,1,0
340925,1,0
340927,2,0
340931,1,0
340934,2,0
341169,1,0
341185,1,0
341302,1,0
341549,1,0
341594,2,0
341725,1,0
341728,1,0
341867,1,0
341897,2,0
341904,2,0
341907,2,0
341942,1,0
342007,0,0
342044,1,0
342156,1,0
342407,1,0
342483,0,1
342527,1,0
342554,1,0
342569,2,0
342570,1,0
342583,1,0
342679,1,0
342725,1,0
342738,2,0
342836,2,0
342929,1,0
342945,2,0
342958,2,0
342980,0,1
343001,1,0
343011,1,0
343051,0,1
343103,1,0
343139,1,1
343218,1,0
343247,2,0
343377,1,0
343383,1,0
343425,2,0
343547,1,0
343605,1,0
343706,1,0
343879,1,0
343884,2,0
343978,2,0
343994,1,0
344009,1,0
344039,2,0
344052,2,0
344121,1,0
344180,2,0
344199,1,0
344232,1,0
344260,1,0
344372,0,1
344413,1,0
344464,1,0
344483,1,0
344527,1,0
344570,2,0
344580,2,0
344627,1,0
344669,2,0
344671,2,0
344749,2,0
344768,2,0
344797,1,0
344990,1,0
344998,1,0
345014,1,0
345090,2,0
345099,1,0
345238,1,0
345244,1,0
345518,1,0
345572,1,0
345597,1,0
345608,1,0
345615,1,0
345657,0,1
345682,1,0
345765,1,0
345802,1,0
345840,2,0
345841,1,0
345908,1,0
345931,1,0
345959,2,0
345978,2,0
346090,1,0
346103,1,0
346163,1,0
346205,1,0
346225,1,0
346274,1,0
346295,1,0
346346,2,0
346384,1,0
346390,2,0
346456,1,0
346499,2,0
346529,1,0
346532,2,0
346554,2,0
346560,2,0
346598,2,0
346633,1,0
346678,1,0
346704,1,0
346766,2,0
346809,1,0
346828,1,0
346925,1,0
347001,2,0
347013,0,1
347142,1,0
347212,2,0
347227,0,1
347231,1,0
347276,2,0
347423,1,0
347431,1,0
347466,1,0
347515,1,0
347629,1,0
347634,1,0
347733,2,0
347850,1,0
347861,1,0
347914,2,0
347932,1,0
347955,1,0
347982,0,1
347987,2,0
347997,2,0
348047,1,0
348056,1,0
348065,1,0
348085,1,0
348143,0,0
348173,2,0
348202,1,0
348215,1,0
348238,2,0
348245,2,0
348299,2,0
348350,2,0
348400,1,0
348448,1,0
348463,1,0
348471,1,0
348475,1,0
348600,1,0
348672,1,0
348681,1,0
348718,2,0
348723,1,0
348732,2,0
348740,1,0
348751,1,0
348774,1,0
348835,1,0
348920,1,0
348994,1,0
349001,1,0
349046,1,0
349108,2,0
349115,1,0
349132,1,0
349153,1,0
349220,1,0
349278,1,0
349342,1,0
349447,2,0
349470,0,1
349490,1,0
349539,1,0
349577,1,0
349638,2,0
349670,1,0
349695,2,0
349730,1,0
349767,1,0
349838,1,0
350001,1,0
350059,2,0
350238,1,0
350269,2,0
350271,1,0
350486,2,0
350587,1,0
350631,1,0
350675,1,0
350692,1,0
350863,1,0
350901,2,0
350910,2,1
350979,1,0
351029,1,0
351138,1,0
351145,1,0
351238,1,0
351292,2,0
351296,1,0
351367,1,0
351389,1,0
351461,0,1
351500,1,0
351513,2,0
351551,0,0
351615,1,1
351753,2,0
351889,1,0
351897,1,0
351937,1,0
351966,2,0
352005,1,0
352026,2,0
352034,2,0
352053,1,0
352068,1,0
352078,1,0
352092,1,0
352101,1,0
352170,1,0
352216,2,0
352242,1,0
352280,1,0
352306,1,0
352337,1,0
352377,1,0
352424,1,0
352490,1,0
352501,1,0
352581,2,0
352582,0,1
352617,1,0
352653,1,0
352702,1,0
352734,2,0
352747,2,0
352809,0,1
352834,1,0
352916,2,0
353032,1,0
353076,2,0
353096,2,0
353128,1,0
353308,2,1
353369,2,0
353396,1,0
353455,1,0
353486,1,0
353535,2,0
353614,2,0
353648,2,0
353786,2,0
354002,1,0
354084,1,0
354150,2,0
354176,2,0
354206,2,0
354295,1,0
354438,2,0
354442,1,0
354461,1,0
354464,2,0
354477,1,0
354483,1,0
354547,1,0
354730,2,0
355039,2,0
355099,2,0
355102,2,0
355126,1,0
355184,1,0
355298,1,0
355331,1,0
355491,0,0
355512,2,0
355515,1,0
355578,1,0
355628,2,0
355669,1,0
355707,2,0
355724,2,0
355750,1,0
355775,1,0
355781,2,0
355795,1,0
355839,2,0
355906,1,0
355908,2,0
355994,1,0
355995,1,0
356237,0,0
356240,2,0
356460,0,0
356507,1,0
356558,1,0
356561,1,0
356578,0,1
356613,1,0
356618,1,0
356708,2,0
356712,1,0
356812,1,0
356828,1,0
356955,1,0
356980,1,0
357059,0,1
357138,1,0
357149,1,0
357161,1,0
357166,2,0
357173,1,0
357199,1,0
357298,1,0
357375,1,0
357381,1,0
357466,1,0
357549,2,0
357567,1,0
357574,1,0
357589,1,0
357901,0,1
357903,2,0
357971,1,0
357988,0,1
358012,0,0
358020,1,0
358039,2,0
358054,2,0
358151,1,0
358201,1,0
358255,2,0
358375,2,0
358384,1,0
358513,1,0
358586,2,0
358792,1,0
358794,1,0
358900,1,0
358948,2,0
358968,1,0
358979,1,0
358997,2,0
359011,1,0
359029,2,0
359091,1,0
359133,0,1
359138,2,0
359188,2,0
359275,1,0
359360,1,0
359446,1,0
359466,1,0
359575,1,0
359693,1,0
359816,1,0
360017,1,0
360031,2,0
360240,2,0
360256,1,0
360435,1,0
360446,1,0
360472,1,0
360485,2,0
360537,1,0
360730,1,0
360732,2,0
360744,2,0
360805,1,0
360868,2,0
360902,1,0
360942,1,0
360981,2,0
361109,1,0
361237,1,1
361266,1,0
361434,1,0
361439,1,0
361680,2,0
361707,1,0
361710,2,0
361816,1,0
361827,1,0
361892,1,0
361944,1,0
362055,1,0
362134,2,0
362165,1,0
362167,1,0
362201,2,0
362293,1,0
362471,1,0
362541,1,0
362586,1,0
362642,2,0
362680,1,0
362736,1,0
362742,2,0
362823,2,0
362841,1,0
362855,1,0
362925,0,0
363178,2,0
363199,1,0
363314,1,0
363483,2,0
363513,2,0
363743,1,0
363774,1,0
363780,2,0
363864,1,0
363866,2,0
363925,2,0
363967,0,1
363983,2,0
364049,1,0
364067,1,0
364137,1,0
364153,1,0
364247,2,0
364264,1,0
364356,0,0
364372,2,0
364596,0,1
364710,0,1
364895,1,0
364908,1,0
364931,1,0
365138,0,0
365156,2,0
365166,0,1
365208,2,0
365346,1,0
365404,1,0
365413,2,0
365421,2,0
365451,1,0
365468,1,0
365515,1,0
365557,1,0
365596,0,1
365619,1,0
365635,1,0
365642,1,0
365761,1,0
365816,1,0
365863,1,0
365887,2,0
366049,0,1
366116,1,0
366133,1,0
366161,0,1
366250,2,0
366263,1,0
366467,1,0
366487,1,0
366500,1,0
366537,1,0
366540,0,1
366576,2,0
366599,0,1
366654,1,0
366687,1,0
366719,1,0
366727,2,0
366744,1,0
366894,1,0
366911,1,0
366932,2,0
366977,0,1
367006,2,0
367338,1,0
367492,1,0
367511,1,0
367547,1,0
367562,1,0
367617,2,0
367680,1,0
367685,2,0
367697,1,0
367751,2,0
367774,1,0
367782,0,1
367811,2,0
367961,1,0
368027,1,0
368045,1,0
368062,2,0
368073,1,1
368118,2,0
368122,1,0
368292,2,0
368330,1,0
368391,0,1
368435,0,1
368523,1,0
368549,1,0
368566,1,0
368591,1,0
368669,2,0
368675,2,0
368713,2,0
368772,0,0
368830,2,0
368878,2,0
368981,1,0
369000,1,0
369035,1,0
369084,0,0
369091,1,0
369121,1,0
369141,1,0
369188,2,0
369229,1,0
369242,1,0
369361,1,0
369388,2,0
369392,1,0
369416,2,0
369458,1,0
369569,1,0
369603,1,0
369638,2,0
369646,1,0
369658,1,0
369682,1,0
369715,2,0
369739,1,0
369795,2,0
369841,1,0
369853,1,0
369867,2,0
369943,1,0
370014,1,0
370066,1,0
370090,1,0
370093,1,0
370300,1,0
370405,2,0
370443,1,0
370450,1,0
370486,1,0
370517,1,0
370539,1,0
370660,0,0
370744,1,0
370842,1,0
370877,1,0
370959,2,0
370979,2,0
370990,1,0
371065,1,0
371079,1,0
371148,2,0
371152,1,0
371159,1,0
371164,1,0
371191,1,0
371368,2,0
371402,0,1
371422,1,0
371511,0,1
371532,1,0
371580,1,0
371606,1,0
371672,1,0
371675,1,0
371737,0,1
371739,1,0
371875,1,0
371969,1,0
372069,2,0
372111,1,0
372169,2,0
372175,2,0
372183,1,0
372237,1,0
372261,1,0
372290,1,0
372353,1,0
372522,1,0
372622,1,0
372647,1,0
372652,1,0
372663,2,0
372737,0,1
372755,1,0
372824,1,0
372865,2,0
372961,2,0
373044,1,0
373118,2,0
373144,1,0
373204,2,0
373242,2,0
373321,2,0
373374,1,0
373429,2,0
373501,1,0
373554,2,0
373638,2,0
373665,2,0
373737,1,0
373771,0,0
373886,1,0
373888,2,0
373898,1,0
373950,1,0
374107,1,0
374113,2,0
374117,1,0
374266,1,0
374275,1,0
374293,2,0
374344,1,0
374345,1,0
374401,1,0
374421,2,0
374440,1,0
374585,1,0
374639,1,0
374679,1,0
374721,1,0
374736,1,0
374850,1,0
374881,1,0
374931,1,0
374941,2,0
374967,1,0
374984,1,0
375056,2,0
375105,1,0
375115,2,0
375162,2,0
375203,2,0
375265,1,0
375297,1,0
375371,2,0
375399,1,0
375430,1,0
375451,2,0
375467,2,0
375511,1,0
375540,1,0
375597,1,0
375683,1,0
375694,1,0
375722,1,0
375757,1,0
375768,1,0
375792,2,0
375814,1,0
375890,1,0
375909,1,0
375987,1,0
376072,1,0
376144,2,0
376299,1,0
376367,2,0
376424,1,0
376484,1,0
376572,1,0
376618,1,0
376630,2,0
376725,1,0
376862,1,0
376863,1,0
376929,0,1
376969,1,0
376983,2,0
377029,1,0
377050,1,0
377114,1,0
377173,1,0
377247,1,0
377288,1,0
377289,1,0
377302,2,0
377322,1,0
377364,2,0
377375,2,0
377444,2,0
377464,1,0
377471,0,1
377489,1,0
377642,2,0
377674,1,0
377724,1,0
377742,0,0
377796,2,0
377858,2,0
377928,2,0
377968,1,0
378014,1,0
378153,0,0
378181,1,0
378267,1,0
378454,1,0
378498,2,0
378793,1,0
378827,1,0
378857,1,0
378920,1,0
378968,1,0
379038,2,0
379041,2,0
379110,1,0
379117,1,0
379120,1,0
379238,1,0
379281,2,0
379351,1,0
379384,1,0
379414,0,1
379446,1,0
379506,1,0
379562,1,0
379572,1,0
379629,1,0
379716,1,0
379752,1,0
379836,1,0
379962,1,0
380001,1,0
380031,1,0
380059,1,0
380099,1,0
380110,1,0
380183,1,0
380247,1,0
380255,1,0
380262,1,0
380294,1,0
380526,1,0
380627,1,0
380709,2,0
380788,1,0
380795,1,0
380843,1,0
380928,1,0
380954,2,0
381065,2,0
381176,2,0
381189,1,0
381234,1,0
381284,1,0
381307,2,0
381308,2,0
381316,1,0
381395,1,0
381459,1,0
381471,2,0
381472,1,0
381496,1,0
381539,2,0
381651,1,0
381717,2,0
381748,1,0
381786,2,0
381901,1,0
382045,2,0
382149,1,0
382197,2,0
382243,1,0
382252,1,0
382271,1,0
382464,1,0
382671,1,0
382678,2,0
382738,1,0
382739,0,1
382748,1,0
382889,0,0
382953,1,0
382971,2,0
382980,1,0
382983,2,0
383108,1,0
383147,1,0
383190,1,0
383202,1,0
383367,0,0
383391,2,0
383399,2,0
383421,1,0
383627,1,0
383656,1,0
383701,2,0
383787,1,0
383808,1,0
383826,1,0
383842,2,0
383891,1,0
383898,0,1
383912,1,0
383954,2,0
383962,1,0
383969,2,0
384010,0,1
384090,1,0
384146,0,0
384269,1,0
384286,1,0
384296,2,0
384328,1,0
384336,1,0
384356,2,0
384409,2,0
384412,0,1
384543,1,0
384548,2,0
384599,1,0
384602,2,0
384686,1,0
384737,2,0
384744,1,0
384750,1,0
384818,2,1
384825,1,0
384905,2,0
384907,2,0
384920,1,0
384928,2,0
384986,1,0
385092,0,1
385131,1,0
385190,1,0
385235,1,0
385358,1,0
385593,1,0
385638,2,0
385718,1,0
385747,2,0
385861,2,0
385864,1,0
385912,2,0
386037,1,0
386082,0,1
386298,2,0
386342,1,0
386363,1,0
386446,2,0
386607,1,0
386649,1,0
386790,1,0
386825,2,0
386926,1,0
386936,2,0
386979,2,0
386986,1,0
387121,1,0
387129,1,0
387203,2,0
387214,0,1
387307,0,0
387455,1,0
387506,1,0
387523,1,0
387553,1,0
387568,1,0
387570,1,0
387584,1,0
387648,1,0
387650,1,0
387695,1,0
387705,1,0
387721,1,0
387834,1,0
387880,1,0
387971,1,0
388046,1,0
388140,1,0
388156,1,0
388292,1,0
388448,1,0
388478,2,0
388624,1,0
388639,1,0
388777,1,0
388985,1,0
389081,2,0
389146,1,0
389225,1,0
389387,2,0
389429,1,0
389430,2,0
389488,1,0
389551,1,0
389565,1,0
389583,0,1
389706,1,0
389741,2,0
389804,1,0
389812,1,0
389928,1,0
389995,1,0
389996,2,0
390022,0,0
390117,1,0
390190,1,0
390203,1,0
390209,1,0
390297,2,0
390343,1,0
390350,1,0
390377,2,0
390434,1,0
390435,1,0
390480,2,0
390546,1,0
390562,2,0
390651,2,0
390719,2,0
390874,1,0
390880,1,0
390911,1,0
390924,2,0
390974,1,0
390980,1,0
391034,1,0
391091,2,0
391106,2,0
391313,1,0
391357,2,0
391397,1,0
391402,1,0
391509,1,0
391542,1,0
391557,2,0
391564,1,0
391611,1,0
391673,1,0
391761,1,0
391861,1,0
391900,2,0
391927,1,0
391939,1,0
392098,1,0
392206,1,0
392235,1,0
392335,1,0
392402,1,0
392430,1,0
392558,2,0
392575,1,0
392582,1,0
392619,1,0
392682,2,0
392713,2,0
392774,1,0
392781,2,0
392785,1,0
392802,1,0
392953,1,0
392989,2,0
393101,2,0
393130,2,0
393206,2,0
393309,1,0
393329,2,0
393380,1,0
393403,1,0
393565,2,0
393604,1,0
393806,1,0
393853,1,0
393888,1,0
393975,2,0
394078,2,0
394167,1,0
394195,2,0
394196,2,0
394200,2,0
394213,2,0
394248,1,0
394321,1,0
394363,2,0
394454,1,0
394569,2,0
394715,1,0
394806,1,0
394812,1,0
394927,1,0
394941,1,0
394946,2,0
394979,1,0
395026,1,0
395121,1,0
395168,1,0
395189,2,0
395300,2,0
395324,1,0
395384,2,0
395446,2,0
395460,1,0
395511,1,0
395512,2,0
395525,1,0
395622,1,0
395639,1,0
395871,1,0
395887,1,0
395912,1,0
395962,2,0
396018,1,0
396048,2,0
396155,1,0
396267,1,0
396446,1,0
396471,1,0
396726,1,0
396863,2,0
396867,2,0
396920,1,0
396984,1,0
396996,1,0
396997,1,0
396998,2,0
397053,1,0
397065,1,0
397099,2,0
397104,2,0
397141,1,0
397242,2,0
397248,1,0
397272,2,0
397376,2,0
397377,1,0
397480,1,0
397518,2,0
397533,1,0
397706,1,0
397787,2,0
397817,1,0
397820,1,0
397848,2,0
397891,2,0
397934,2,0
397947,1,0
397962,2,0
398074,2,0
398086,1,0
398305,0,1
398351,1,0
398506,1,0
398535,0,0
398586,1,0
398603,1,0
398611,1,0
398655,0,1
398819,1,0
398839,1,0
398846,1,0
398924,1,0
398965,1,0
399065,1,0
399101,2,0
399214,1,0
399251,1,0
399372,1,0
399379,1,0
399397,1,0
399417,1,0
399418,1,0
399514,2,0
399555,0,1
399575,1,0
399666,2,0
399670,1,0
399678,1,0
399704,1,0
399917,2,0
399943,1,0
399973,1,0
399982,1,0
400030,1,0
400079,1,0
400181,1,0
400224,1,0
400265,1,0
400272,2,0
400313,1,0
400392,1,0
400404,1,0
400470,1,0
400478,2,0
400486,1,0
400513,2,0
400600,0,0
400702,1,0
400802,1,0
400844,2,0
400873,2,0
400958,1,0
400979,1,0
400985,1,0
401007,1,0
401036,1,0
401055,1,0
401060,1,0
401062,2,0
401101,1,0
401336,1,0
401350,2,0
401422,0,1
401424,2,0
401454,1,0
401645,1,0
401710,2,0
401722,1,0
401760,1,0
401766,1,0
401769,1,0
401824,1,0
401834,1,0
401857,1,0
401858,2,0
401859,1,0
401943,2,0
401956,1,0
402034,1,0
402052,1,0
402082,2,0
402136,2,0
402177,2,0
402251,1,0
402332,1,0
402390,0,1
402624,2,0
402638,2,0
402697,1,0
402706,1,0
402918,1,0
402964,1,0
402966,2,0
403052,2,0
403118,1,0
403185,1,0
403258,2,0
403282,2,0
403361,2,0
403463,2,0
403473,1,0
403500,1,0
403507,1,0
403529,2,0
403675,2,0
403764,2,0
403856,0,1
403893,1,0
404011,1,0
404012,2,0
404106,1,0
404233,1,0
404314,1,0
404339,2,0
404417,1,0
404426,1,0
404431,1,0
404434,1,0
404475,1,0
404720,1,0
404742,1,0
404801,2,0
404805,2,0
404846,1,0
404920,1,0
405030,2,0
405201,1,0
405318,1,0
405339,1,0
405351,1,0
405418,1,0
405442,1,0
405465,2,0
405500,1,0
405597,1,0
405602,0,0
405698,1,0
405699,1,0
405735,1,0
405739,1,0
405740,2,0
405768,2,0
405804,1,0
405928,1,0
406047,1,0
406099,2,0
406176,1,0
406252,0,1
406254,1,0
406287,2,0
406294,1,0
406367,2,0
406369,0,1
406373,1,0
406411,1,0
406564,1,0
406574,1,0
406810,1,0
406988,2,0
407008,2,0
407032,1,0
407119,1,0
407173,1,0
407233,2,0
407238,1,0
407305,1,0
407340,1,0
407377,1,0
407404,2,1
407411,1,0
407433,1,0
407468,2,0
407478,2,0
407641,2,0
407648,2,0
407768,1,0
407798,1,0
407924,2,0
407933,1,0
407945,1,0
407999,1,0
408047,1,0
408091,2,0
408134,2,0
408170,2,0
408259,1,0
408309,1,0
408347,2,0
408378,2,0
408468,2,0
408493,1,0
408500,1,0
408561,1,0
408651,1,0
408838,1,0
408863,1,0
408886,1,0
408915,2,0
408931,1,0
408990,1,0
409051,1,0
409102,1,0
409156,1,0
409174,2,0
409454,1,0
409512,1,0
409603,1,0
409684,1,0
409741,1,0
409768,2,0
409798,1,0
409908,1,0
409914,1,0
409951,1,0
409984,0,1
409989,2,0
410202,1,0
410209,1,0
410218,1,0
410341,1,0
410343,2,0
410347,1,0
410373,2,0
410384,1,0
410460,2,0
410544,1,0
410552,1,0
410558,1,0
410702,1,0
410790,1,0
410921,1,0
410938,1,0
410958,2,0
410963,1,0
410982,1,0
411030,2,0
411094,1,0
411116,1,0
411204,1,0
411242,2,0
411272,2,0
411296,0,1
411298,1,0
411365,2,0
411420,1,0
411523,1,1
411533,1,0
411583,1,0
411586,1,0
411651,2,0
411686,1,0
411690,1,0
411715,2,0
411734,2,0
411744,1,0
411876,1,0
411897,1,0
412024,1,0
412133,1,0
412186,1,0
412203,1,0
412284,1,0
412362,2,0
412394,1,0
412402,1,0
412429,2,0
412480,2,0
412487,1,0
412743,2,0
412793,1,0
412803,1,0
412817,1,0
412854,1,0
412880,1,0
412902,1,0
412944,1,0
412995,1,0
413050,1,0
413052,1,0
413088,1,0
413101,1,0
413115,1,0
413185,1,0
413243,1,0
413266,1,0
413282,1,0
413305,2,0
413330,2,0
413345,1,0
413347,2,0
413426,1,0
413445,1,0
413459,1,0
413620,1,0
413659,1,0
413741,1,0
413798,1,0
413815,1,0
413853,1,0
413994,1,0
414033,1,0
414157,2,0
414164,2,0
414207,1,0
414211,1,0
414239,2,0
414305,1,0
414318,1,0
414382,2,0
414433,1,0
414584,1,0
414661,2,0
414727,1,0
414741,1,0
414757,1,0
415067,1,0
415077,1,0
415088,2,0
415090,0,1
415148,1,0
415201,2,0
415292,2,0
415327,1,0
415332,1,0
415341,1,0
415372,1,0
415381,1,0
415402,2,0
415441,1,0
415446,2,0
415640,2,0
415862,1,0
415896,1,0
415915,0,0
415916,1,0
416091,2,0
416105,2,0
416124,1,0
416127,1,0
416216,1,0
416575,1,0
416620,2,0
416768,1,0
416783,1,0
416940,2,0
416973,1,0
417001,2,0
417082,1,0
417118,1,0
417240,1,1
417274,0,0
417507,1,0
417553,2,0
417564,2,0
417584,1,0
417721,2,0
417825,1,0
417838,1,0
417841,2,0
417886,1,0
417904,1,0
417929,1,0
418090,1,0
418166,1,0
418233,2,0
418281,1,0
418327,1,0
418470,1,0
418626,2,0
418636,2,0
418718,2,0
418753,1,0
418779,1,0
418784,2,0
418793,1,0
418910,1,0
418930,1,0
418938,2,0
418958,1,0
418990,1,0
419182,1,0
419237,2,0
419275,1,0
419377,1,0
419491,2,0
419493,1,0
419522,1,0
419540,1,0
419570,1,0
419626,1,0
419648,2,0
419661,2,0
419732,2,0
419748,1,0
419749,1,0
419758,1,0
419776,1,0
419818,1,0
419893,1,0
419953,1,0
419973,1,0
420008,1,0
420010,0,1
420126,2,0
420148,1,0
420202,1,0
420204,1,0
420222,1,0
420243,2,0
420339,1,0
420394,1,0
420434,1,0
420439,1,0
420457,1,0
420464,2,0
420481,1,0
420488,1,0
420490,1,0
420508,1,0
420515,1,0
420590,1,0
420627,1,0
420738,1,0
420786,1,0
420856,2,0
420890,0,0
421001,1,0
421191,1,0
421252,2,0
421310,2,0
421432,2,0
421458,1,0
421497,1,0
421580,1,0
421691,1,0
421744,1,0
421748,1,0
421752,2,0
421822,2,0
421855,2,0
421923,1,0
421930,0,1
422121,1,0
422152,1,0
422164,2,0
422204,1,0
422245,2,0
422276,1,0
422320,2,0
422349,1,0
422358,1,0
422398,1,0
422436,2,0
422496,1,0
422750,1,0
422787,1,0
422803,1,0
422805,1,0
422989,2,0
423035,1,0
423096,1,0
423119,2,0
423153,2,0
423201,1,0
423228,1,0
423254,1,0
423272,1,0
423313,2,0
423324,2,0
423336,2,0
423409,0,0
423432,1,0
423473,0,0
423598,1,0
423609,1,0
423686,1,0
423711,2,0
423821,1,0
423844,2,0
423941,1,0
423978,1,0
424012,2,0
424027,2,0
424098,1,0
424100,1,0
424126,1,0
424139,1,0
424208,1,0
424216,1,0
424270,2,0
424317,2,0
424337,1,0
424403,1,0
424451,2,0
424526,1,0
424540,1,0
424585,2,0
424688,1,0
424793,1,0
424812,1,0
424837,1,0
424917,1,0
424983,1,0
425294,1,0
425411,1,0
425436,1,0
425445,1,0
425472,1,0
425477,2,0
425567,1,0
425620,2,0
425687,2,0
425717,1,0
425720,1,0
425779,2,0
425826,2,0
425854,1,0
425940,1,0
426022,2,0
426027,1,0
426124,1,0
426141,2,0
426185,1,0
426223,1,0
426302,2,0
426317,1,0
426351,1,0
426384,1,0
426414,1,0
426429,1,0
426439,1,0
426530,1,0
426533,1,0
426536,1,0
426698,1,0
426720,1,0
426791,1,0
426958,1,0
426981,1,0
426990,1,0
426994,1,0
427036,1,0
427140,1,0
427163,1,0
427177,1,0
427329,1,0
427354,2,0
427358,1,0
427388,2,0
427444,2,0
427733,1,0
427804,2,0
427919,1,0
427976,1,0
427980,1,0
428020,1,0
428114,1,0
428129,1,0
428130,1,0
428152,2,0
428162,1,0
428249,1,0
428305,1,0
428345,2,0
428376,1,0
428383,2,0
428402,1,0
428452,2,0
428520,2,0
428523,1,0
428526,1,0
428536,1,0
428565,2,0
428590,2,0
428604,1,0
428649,1,0
428710,1,0
428757,1,0
428765,1,0
428778,2,0
428826,1,0
428843,1,0
428853,0,1
428872,2,0
428903,1,0
428919,1,0
428922,1,0
429054,1,0
429238,1,0
429244,1,0
429292,2,0
429308,1,0
429354,1,0
429448,2,0
429460,2,0
429471,1,0
429557,1,0
429689,2,0
429692,2,0
429829,1,0
429849,1,0
429894,2,0
429921,1,0
429933,1,0
430048,1,0
430059,1,0
430097,1,0
430107,1,0
430197,1,0
430221,2,0
430228,1,0
430265,2,0
430323,1,0
430398,0,1
430413,1,0
430475,1,0
430500,1,0
430503,1,0
430519,2,0
430521,2,0
430555,1,0
430559,2,0
430569,1,0
430618,1,0
430670,2,1
430712,2,0
430813,1,0
430817,1,0
430880,0,0
431020,1,0
431021,1,0
431034,1,0
431187,2,0
431201,2,0
431277,1,0
431286,2,0
431392,2,0
431514,2,0
431521,1,0
431533,1,0
431586,1,0
431640,1,0
431829,1,0
431899,1,0
432031,1,0
432059,1,0
432145,1,0
432200,1,0
432215,1,0
432255,1,0
432298,1,0
432302,0,0
432366,1,0
432370,1,0
432392,1,0
432451,1,0
432493,1,0
432564,2,0
432579,2,0
432592,1,0
432598,1,0
432655,0,1
432716,1,0
432718,1,0
432729,2,0
432843,1,0
432920,1,0
432938,1,0
432941,2,0
432961,2,0
433017,1,0
433020,0,1
433116,2,0
433172,1,0
433300,2,0
433307,2,0
433353,1,0
433477,2,0
433496,1,0
433510,1,0
433678,1,0
433752,1,0
433812,1,0
433815,1,0
433857,0,1
433881,2,0
433946,1,0
434081,1,0
434098,1,0
434113,1,0
434136,1,0
434215,1,0
434385,1,0
434430,2,0
434470,1,0
434477,1,0
434489,0,1
434568,1,0
434620,2,0
434621,1,0
434657,1,0
434658,1,0
434679,1,0
434693,2,0
434751,1,0
434760,1,0
434802,1,0
434807,1,1
434888,1,0
434922,1,0
434965,2,0
435049,1,0
435097,1,0
435129,1,0
435156,1,0
435223,1,0
435249,1,0
435358,2,0
435378,1,0
435557,2,0
435613,1,0
435657,1,0
435777,2,0
435789,1,0
435883,2,0
436010,1,0
436041,1,0
436081,1,0
436087,0,1
436226,1,0
436235,1,0
436247,1,0
436266,1,0
436282,2,0
436318,2,0
436419,0,1
436475,1,0
436498,2,0
436569,1,0
436705,2,0
436719,1,0
436805,2,0
436827,1,0
436874,1,0
436901,1,0
436969,1,0
436971,2,0
436975,1,0
436990,1,0
437022,1,0
437074,1,0
437086,1,0
437158,1,0
437197,1,0
437251,2,0
437262,2,0
437269,2,0
437288,1,0
437357,1,0
437403,2,0
437407,1,0
437440,0,1
437545,1,0
437598,1,0
437737,1,0
437810,1,0
438023,2,0
438120,1,0
438199,1,0
438263,1,0
438299,2,0
438383,2,0
438511,2,0
438525,2,0
438526,1,0
438593,2,0
438641,1,0
438698,2,0
438707,1,0
438746,1,0
438822,1,0
438869,1,0
438875,2,0
438936,1,0
439013,0,1
439068,2,0
439092,2,0
439251,1,0
439252,2,0
439296,1,0
439350,1,0
439361,1,0
439566,1,0
439572,0,1
439574,1,0
439675,2,0
439696,2,0
439819,1,0
439900,1,0
440112,1,0
440198,1,0
440209,2,0
440213,1,0
440320,1,0
440511,1,0
440595,1,0
440618,1,0
440642,1,0
440671,2,0
440699,2,0
440758,2,0
440785,1,0
440885,1,0
440928,1,0
440939,1,0
440967,1,0
441113,2,0
441128,1,0
441135,1,0
441155,1,0
441304,1,0
441313,1,0
441340,1,0
441345,0,1
441356,1,0
441359,1,0
441389,1,0
441419,2,0
441423,1,0
441439,2,0
441440,1,0
441442,1,0
441509,1,0
441623,1,0
441631,0,1
441670,2,0
441719,2,0
441724,1,0
441741,1,0
441782,1,0
441964,1,0
442014,1,0
442018,1,0
442103,1,0
442192,1,0
442249,1,0
442251,0,0
442252,1,0
442282,1,0
442304,1,0
442306,1,0
442418,2,0
442458,1,0
442479,1,0
442525,1,0
442609,1,0
442695,2,0
442792,1,0
442831,2,0
442838,1,0
442868,1,0
442879,1,0
442956,1,0
442980,1,0
443130,1,0
443198,1,0
443199,1,0
443231,1,0
443232,1,0
443243,1,0
443557,2,0
443595,1,0
443770,2,0
443865,1,0
443896,1,0
443967,0,0
443970,2,0
443985,1,0
444022,1,0
444050,2,0
444060,2,0
444085,1,0
444092,1,1
444154,1,0
444202,2,0
444218,2,0
444237,1,0
444259,1,0
444300,2,0
444365,1,0
444366,1,0
444371,1,0
444524,1,0
444646,1,0
444652,2,0
444661,2,0
444684,1,0
444686,1,0
444748,1,0
444778,1,0
444786,1,0
444894,1,0
444904,2,0
444931,1,0
444997,1,0
445008,2,0
445024,0,0
445073,1,0
445137,1,0
445145,1,0
445146,2,0
445169,1,0
445176,1,0
445177,1,0
445247,2,0
445251,1,0
445282,2,0
445338,1,0
445370,1,0
445418,2,0
445427,2,0
445432,1,0
445451,1,0
445496,1,0
445549,1,0
445599,2,0
445632,1,0
445673,1,0
445675,1,0
445679,2,0
445704,1,0
445746,1,0
445783,2,0
445839,1,0
445867,1,0
445879,1,0
445915,2,0
446096,2,0
446135,2,0
446171,1,0
446302,1,0
446315,1,0
446352,1,0
446403,1,0
446662,2,0
446712,1,0
446886,1,0
446968,2,0
446988,1,0
446991,1,0
447092,1,0
447275,1,0
447387,1,0
447401,1,0
447439,2,0
447470,1,0
447544,1,0
447647,1,0
447675,1,0
447771,1,0
447796,1,0
447804,1,0
447925,1,0
447943,2,0
447962,1,0
448136,1,0
448142,2,0
448147,1,0
448273,1,0
448354,1,0
448483,2,0
448577,1,0
448654,1,0
448751,2,0
448774,2,0
448812,1,0
448823,2,0
448896,1,0
448912,1,0
449046,1,0
449084,1,0
449223,0,1
449417,1,0
449441,0,1
449530,2,0
449555,2,0
449654,1,0
449843,1,0
449858,1,0
450125,2,0
450150,2,0
450205,1,0
450323,1,0
450417,2,0
450621,2,0
450665,1,0
450698,0,0
450735,0,0
450802,2,0
450865,1,0
450888,1,0
450896,1,0
450979,1,0
450987,2,0
450995,0,1
451042,2,0
451080,2,0
451183,2,0
451226,1,0
451240,1,0
451391,1,0
451425,1,0
451446,1,0
451448,2,0
451469,1,0
451528,0,0
451711,2,0
451740,1,0
451819,1,1
451839,2,0
451886,1,0
451961,2,0
452150,2,0
452208,1,0
452279,2,0
452282,1,0
452342,1,0
452417,1,0
452439,1,0
452459,2,0
452464,1,0
452530,1,0
452684,2,0
452725,1,0
452873,1,0
452976,1,0
452985,2,0
452994,0,0
453032,1,0
453034,1,0
453133,1,0
453135,1,0
453136,1,0
453165,2,0
453349,1,0
453408,1,0
453448,1,0
453466,2,0
453494,1,1
453578,2,0
453587,2,0
453654,1,0
453719,1,0
453876,2,0
453887,1,0
453971,2,0
453972,1,0
454022,1,0
454041,1,0
454073,1,0
454145,1,0
454223,2,0
454327,1,0
454356,2,0
454440,1,0
454471,1,0
454514,1,0
454543,1,0
454609,2,0
454628,2,0
454630,1,0
454632,1,0
454663,1,0
454665,2,0
454668,1,0
454690,1,0
454718,1,0
454720,1,0
454750,1,0
454880,1,0
454985,1,0
455023,1,0
455068,1,0
455234,2,0
455287,2,0
455319,1,0
455474,1,0
455594,1,0
455606,1,0
455651,1,0
455758,2,0
455866,1,0
455892,0,1
455896,1,0
455937,1,0
455941,1,0
455991,1,0
456095,1,0
456117,1,0
456128,0,0
456140,1,0
456167,2,0
456177,0,0
456259,1,0
456294,1,0
456360,1,0
456367,1,0
456432,1,0
456433,1,0
456436,1,0
456554,1,0
456613,1,0
456614,2,0
456632,1,0
456716,1,0
456752,2,0
456785,1,0
456822,1,0
456839,1,0
456887,1,0
456958,1,0
457077,0,1
457127,2,1
457374,2,0
457456,1,0
457489,1,0
457525,1,0
457535,1,0
457536,1,0
457552,2,0
457605,2,0
457652,2,0
457695,2,0
457716,1,0
457797,1,0
457947,2,0
458029,2,0
458041,1,0
458072,1,0
458074,1,0
458199,2,0
458202,1,0
458320,2,0
458614,2,0
458640,2,0
458697,1,0
458745,0,1
458773,2,0
458864,2,0
458939,1,0
458963,1,0
458984,1,0
459017,1,0
459099,1,0
459128,1,0
459163,1,0
459164,0,1
459223,1,0
459345,1,0
459404,1,0
459517,1,0
459563,1,0
459636,1,0
459683,1,0
459735,1,0
459737,1,0
459801,1,0
459835,0,1
459936,1,0
459948,1,0
459971,1,0
459991,0,0
459999,1,0
460025,1,0
460037,1,0
460043,1,0
460058,1,0
460091,1,0
460110,1,0
460207,1,0
460272,1,1
460291,1,0
460349,1,0
460629,1,0
460673,2,0
460711,2,0
460770,2,0
460894,1,0
460929,1,0
460934,1,0
460938,1,0
460943,2,0
461012,1,0
461108,2,0
461199,1,0
461325,2,0
461353,1,0
461354,0,1
461540,1,0
461559,1,0
461859,1,0
461937,1,0
461974,2,0
462036,2,0
462077,1,0
462078,2,0
462128,1,0
462174,1,0
462232,2,0
462247,2,0
462253,2,0
462279,0,1
462337,2,0
462355,1,0
462366,2,0
462459,1,0
462495,1,0
462497,2,0
462595,1,0
462616,2,0
462638,2,0
462663,1,0
462701,1,0
462803,1,0
462815,0,1
462833,1,0
462974,2,0
462993,1,0
463070,2,0
463146,2,0
463230,1,0
463263,1,0
463298,2,0
463361,1,0
463490,1,0
463606,1,0
463751,1,0
463833,1,0
463854,1,0
463882,1,0
463890,1,0
463926,1,0
463947,2,0
463971,1,0
464044,1,0
464105,1,0
464114,2,0
464117,2,0
464137,1,0
464166,1,0
464187,1,1
464220,1,0
464248,1,0
464256,1,0
464385,2,0
464394,1,0
464447,1,0
464471,2,0
464606,1,0
464639,1,0
464720,1,0
464771,2,0
464799,1,0
464828,2,0
464959,1,0
464962,1,0
464970,2,0
465095,1,0
465170,2,0
465197,1,0
465241,1,0
465260,1,1
465347,2,0
465412,1,0
465421,2,0
465424,0,1
465476,2,0
465530,1,0
465540,1,0
465570,1,0
465603,1,0
465692,1,0
465729,1,0
465741,1,0
465746,1,0
465842,0,0
465864,2,0
465891,1,0
465927,2,0
465931,1,0
465950,2,0
465962,1,0
465980,2,0
465990,1,0
466147,1,0
466384,2,0
466477,2,0
466645,0,0
466754,2,0
466781,0,1
466795,1,0
466813,2,0
466862,1,0
466865,1,0
466953,1,0
466998,1,0
467013,2,0
467046,1,0
467139,2,0
467143,1,0
467151,1,0
467175,1,0
467182,1,0
467222,1,0
467249,2,0
467359,1,0
467361,1,0
467382,1,0
467401,2,0
467455,2,0
467510,2,0
467580,2,0
467607,0,1
467631,1,0
467685,2,0
467848,2,0
467894,2,1
467926,1,0
467945,1,0
468067,1,0
468138,1,0
468192,1,0
468220,1,0
468310,1,0
468380,2,0
468516,1,0
468520,2,0
468522,2,0
468534,2,0
468542,0,1
468945,1,0
468970,1,0
469075,1,0
469230,1,0
469238,0,0
469404,1,0
469532,2,0
469545,2,0
469616,2,0
469660,1,0
469684,1,0
469702,2,0
469718,1,0
469767,2,0
469781,1,0
469977,1,0
470022,1,0
470076,1,0
470123,1,0
470245,1,0
470272,1,0
470323,1,0
470334,1,0
470373,2,0
470381,1,0
470450,2,0
470469,1,0
470480,1,0
470591,1,0
470671,1,0
470738,1,0
470739,2,0
470802,2,0
470952,2,0
470989,1,0
470998,2,0
471000,1,0
471015,0,1
471018,2,0
471098,1,0
471170,1,0
471188,1,0
471204,1,0
471440,2,0
471460,0,1
471466,2,0
471523,2,0
471583,1,0
471662,1,0
471706,1,0
471858,1,0
471944,2,0
472009,1,0
472225,1,0
472283,2,0
472314,2,0
472325,1,0
472356,1,0
472373,1,0
472376,2,0
472405,1,0
472445,2,0
472488,1,0
472521,0,0
472532,1,0
472540,1,0
472589,1,0
472674,1,0
472692,1,0
472695,2,0
472702,2,0
472719,1,0
472726,2,0
472787,1,0
472807,2,0
472824,1,0
472879,1,0
472921,2,0
472933,1,0
472942,1,0
472964,1,0
473093,1,0
473144,1,0
473194,1,0
473204,1,0
473259,1,0
473409,1,0
473410,1,0
473548,1,0
473563,0,1
473564,2,0
473622,1,0
473636,1,0
473648,2,0
473674,0,0
473758,1,0
473772,1,0
473775,1,0
473786,1,0
474027,2,0
474047,2,0
474172,2,0
474174,1,0
474272,2,0
474305,1,1
474333,1,0
474342,1,0
474383,2,0
474458,1,0
474752,1,0
474757,2,0
474779,2,0
474846,1,0
474894,0,0
474905,1,0
474921,1,0
474945,2,0
475009,2,0
475034,0,1
475123,1,0
475132,1,0
475172,1,0
475175,1,0
475233,1,0
475249,2,0
475313,2,0
475395,2,0
475500,1,0
475532,1,0
475535,0,1
475550,1,0
475634,1,0
475690,1,0
475700,1,0
475713,1,0
475930,2,0
475950,0,0
475974,1,0
475991,1,0
476068,1,0
476080,2,0
476258,1,0
476273,2,0
476288,1,0
476327,2,0
476371,2,0
476431,1,0
476477,1,0
476497,1,0
476539,1,0
476571,1,0
476648,1,0
476652,1,0
476875,1,0
477157,0,1
477219,1,0
477295,1,0
477362,1,0
477468,1,0
477517,1,0
477598,1,0
477599,2,0
477654,1,0
477676,1,0
477739,1,0
477787,2,0
477867,2,0
477869,1,0
477993,1,0
478050,1,0
478107,1,0
478108,0,1
478127,1,0
478142,1,0
478247,1,0
478278,1,0
478284,2,0
478315,1,0
478373,1,0
478431,1,0
478566,2,0
478666,1,0
478700,1,0
478770,2,0
478785,2,0
478792,1,0
478890,1,0
478912,1,0
478986,1,0
479015,1,0
479198,1,0
479278,1,0
479359,2,0
479445,1,0
479509,2,0
479593,1,0
479724,1,0
479766,1,0
479815,1,0
479872,1,0
479950,1,0
479960,1,0
480021,2,0
480074,1,0
480158,1,0
480200,1,0
480203,1,0
480239,1,0
480259,1,0
480275,1,0
480389,0,1
480435,1,0
480502,2,0
480675,0,0
480732,1,0
480760,1,0
480846,1,0
480858,2,0
480864,1,0
480872,0,1
480909,1,0
480934,1,0
480957,1,0
481018,1,0
481028,1,0
481048,1,0
481076,1,0
481105,1,0
481191,2,0
481262,2,0
481293,1,0
481450,2,0
481457,0,1
481531,2,0
481590,2,0
481660,0,1
481699,2,0
481851,2,0
481857,1,0
481860,2,0
481893,1,0
481902,2,0
481931,1,0
481955,1,0
481987,2,0
482169,1,0
482218,1,0
482256,1,0
482345,1,0
482351,0,1
482370,2,0
482402,1,0
482424,2,0
482525,1,0
482528,1,0
482551,1,0
482561,1,0
482567,2,0
482673,2,0
482681,1,0
482711,1,0
482777,2,0
482796,2,0
482882,1,0
482922,0,1
482938,2,0
482940,1,0
483125,1,0
483154,1,0
483198,1,0
483212,2,0
483274,2,0
483436,1,0
483623,1,0
483627,1,0
483631,2,0
483747,2,0
483768,2,0
483802,2,0
483863,1,0
483875,1,0
483899,1,0
483969,2,0
484194,1,0
484225,2,0
484243,1,0
484317,1,0
484422,1,0
484446,1,0
484495,1,0
484504,1,0
484543,2,0
484592,1,0
484625,1,0
484718,1,0
484733,2,0
484765,2,0
484774,2,0
484811,1,0
484853,1,0
484894,1,0
484939,2,0
485040,1,0
485062,1,0
485189,2,0
485196,1,0
485258,2,0
485280,1,0
485281,1,0
485282,1,0
485283,1,0
485300,2,0
485330,0,1
485383,1,0
485397,1,0
485486,2,0
485557,1,0
485674,1,0
485705,2,0
485742,1,0
485745,1,0
485787,1,0
485795,1,0
485845,1,0
485933,1,0
486048,1,0
486075,1,0
486112,1,0
486117,1,0
486139,1,0
486143,1,0
486197,0,1
486200,0,1
486226,1,0
486359,1,0
486422,2,0
486600,1,0
486708,1,0
486776,1,0
486812,2,0
486831,1,0
486860,0,1
486880,2,0
486890,1,0
486897,0,1
486909,1,0
486933,2,0
486955,1,0
486956,1,0
487027,2,0
487070,1,0
487195,1,0
487212,1,0
487228,2,0
487359,1,0
487486,1,0
487536,2,0
487605,1,0
487726,1,0
487727,1,0
487777,1,0
487799,0,0
487807,1,0
487823,2,0
487901,1,0
487930,1,0
488009,2,0
488044,1,0
488071,1,0
488130,0,1
488151,2,0
488188,2,0
488224,2,1
488268,1,0
488303,1,0
488346,2,0
488535,1,0
488549,1,0
488647,2,0
488675,1,0
488679,1,0
488724,2,0
488799,1,0
488811,0,1
488853,1,0
488872,1,0
488884,1,0
488891,2,0
489108,1,0
489115,1,0
489221,1,0
489244,1,0
489279,1,0
489301,1,0
489335,1,0
489371,1,0
489391,0,0
489394,2,0
489443,2,0
489459,2,0
489501,2,0
489523,1,0
489534,1,0
489549,2,0
489592,2,0
489609,2,0
489628,2,0
489781,1,0
489842,1,0
489856,0,0
489956,1,0
489985,1,0
490053,1,0
490250,1,0
490387,2,0
490439,1,0
490479,1,0
490487,1,0
490553,1,0
490562,2,0
490563,1,0
490774,1,0
490806,1,0
490824,1,0
490840,1,0
490860,1,0
490932,1,0
490984,1,0
491005,1,0
491122,1,0
491242,0,1
491244,0,1
491253,1,0
491310,1,0
491351,1,0
491369,1,0
491391,1,0
491404,1,0
491481,1,0
491495,2,0
491513,1,0
491643,2,0
491690,0,1
491704,2,0
491773,1,0
491907,1,0
491948,1,0
491986,1,0
491987,1,0
492011,1,0
492036,2,0
492090,0,1
492158,1,0
492159,1,0
492165,1,0
492226,0,1
492265,2,0
492367,2,0
492401,1,0
492433,1,0
492496,1,0
492505,1,0
492575,1,0
492695,0,0
492700,2,0
492757,1,0
492789,1,0
492812,1,0
492883,1,0
492966,1,0
492973,0,1
493061,1,0
493088,1,0
493283,1,0
493337,2,0
493350,1,0
493358,1,0
493369,0,0
493427,1,0
493598,1,0
493606,2,0
493640,0,0
493677,1,0
493775,1,0
493800,1,0
493819,1,0
493827,2,0
493894,1,0
493925,1,0
493972,1,0
494062,1,0
494179,1,0
494206,1,0
494213,1,0
494263,1,0
494284,1,0
494384,1,0
494438,2,0
494498,1,0
494515,1,0
494536,2,0
494552,2,0
494600,1,0
494885,1,0
494887,1,0
494899,1,0
495027,1,0
495058,1,0
495148,1,0
495168,1,0
495253,1,1
495286,1,0
495369,2,0
495381,1,0
495403,0,1
495473,1,0
495632,2,0
495707,2,0
495773,1,0
495787,1,0
495912,1,0
495926,2,0
495942,1,0
496014,1,0
496052,2,0
496159,1,0
496191,1,0
496233,1,0
496325,1,0
496329,1,0
496357,1,0
496371,1,0
496387,1,0
496403,1,0
496482,2,0
496668,2,0
496675,0,1
496686,1,0
496728,1,0
496759,1,0
496820,1,0
496830,2,0
496831,0,1
497030,2,0
497070,2,0
497106,1,0
497108,1,0
497194,1,0
497201,1,0
497226,2,0
497281,0,1
497421,1,0
497467,1,0
497476,2,0
497494,1,0
497576,0,1
497613,1,0
497648,1,0
497756,2,0
497784,1,0
497836,1,0
497854,1,0
497861,1,0
497891,1,0
498028,1,0
498030,1,0
498149,1,0
498319,2,0
498514,0,1
498573,1,0
498587,1,0
498610,2,0
498632,1,0
498643,1,0
498644,1,0
498694,1,0
498793,1,0
498897,1,0
498923,1,0
498932,1,0
498989,2,0
498998,2,0
499027,1,0
499089,1,0
499128,1,0
499132,1,0
499346,2,0
499423,2,0
499482,0,1
499518,1,0
499563,0,0
499583,2,0
499658,1,0
499874,1,1
499875,1,0
499890,1,0
499913,2,0
499932,1,0
499945,1,0
499963,1,0
500022,1,0
500026,2,0
500038,1,0
500058,2,0
500060,1,0
500115,2,0
500248,0,1
500280,1,0
500374,0,1
500437,2,0
500455,1,0
500759,1,0
500767,1,0
500782,1,0
500788,1,0
501030,2,0
501037,2,0
501109,1,0
501131,1,0
501165,2,0
501189,2,0
501209,1,0
501217,2,0
501278,1,0
501363,1,0
501490,1,0
501551,0,0
501552,1,0
501569,2,0
501602,1,0
501655,1,0
501699,1,0
501704,1,0
501854,1,0
501856,1,0
501875,1,0
501877,0,1
501885,2,0
501976,1,0
502012,1,0
502023,2,0
502047,2,0
502141,1,0
502152,2,0
502163,1,0
502212,1,0
502353,1,0
502376,1,0
502390,1,0
502534,1,0
502573,0,1
502585,1,0
502592,1,0
502615,1,0
502670,1,0
502708,1,0
502745,0,0
502784,2,0
502848,1,0
502943,1,0
502946,2,0
502952,2,0
502977,1,0
503025,1,0
503096,2,0
503217,1,0
503242,2,0
503257,1,0
503305,1,0
503357,1,0
503494,2,0
503560,1,0
503573,1,0
503598,1,0
503615,1,0
503638,0,1
503673,1,0
503832,0,0
503938,1,0
503988,2,0
504078,0,0
504190,2,0
504208,1,0
504219,1,0
504260,1,0
504311,1,0
504319,2,0
504403,2,0
504455,2,0
504525,1,0
504545,2,0
504564,2,0
504589,1,0
504638,1,0
504663,2,0
504715,1,0
504802,1,0
504860,1,0
504867,0,1
504919,1,0
505070,2,0
505167,2,0
505179,2,0
505204,1,0
505390,1,0
505522,1,0
505680,1,0
505776,1,0
505779,1,0
505790,2,0
505798,1,0
505871,2,0
505962,1,0
505988,1,0
506149,2,0
506170,1,0
506190,1,0
506193,2,0
506252,1,0
506293,2,0
506372,2,0
506400,0,0
506418,0,1
506572,1,0
506746,1,0
506749,2,0
506776,1,0
506793,2,0
507005,1,0
507008,0,1
507112,1,0
507128,2,0
507189,1,0
507281,1,0
507360,2,0
507486,1,0
507503,1,0
507514,1,0
507555,1,0
507567,1,0
507838,1,0
507998,1,0
508022,1,0
508080,1,0
508115,1,0
508126,1,0
508215,2,0
508399,1,0
508402,1,0
508443,2,0
508456,0,0
508488,1,0
508501,1,0
508728,2,0
508795,2,0
508821,1,0
508824,1,0
508854,1,0
508923,1,0
508934,1,0
509044,1,0
509060,1,0
509108,0,0
509136,1,0
509149,2,0
509223,1,0
509345,1,0
509474,0,1
509513,1,0
509514,1,0
509607,1,0
509614,2,0
509669,0,1
509686,1,0
509714,1,0
509746,1,0
509809,2,0
509810,1,0
509909,2,0
509928,1,0
509962,1,0
509965,1,0
510182,1,0
510224,1,0
510264,2,0
510329,1,0
510353,2,0
510372,2,0
510440,1,0
510502,1,0
510505,1,0
510513,1,0
510537,1,0
510644,2,0
510841,1,0
510865,1,0
511053,1,0
511226,0,1
511253,1,0
511302,1,0
511342,1,0
511437,2,0
511444,1,0
511472,1,0
511483,2,0
511541,2,0
511568,1,0
511573,1,0
511584,1,0
511588,1,0
511626,2,0
511642,1,0
511765,1,0
511835,2,0
511862,1,1
511875,1,0
511922,1,0
511981,2,0
512071,1,0
512097,1,0
512169,2,0
512177,1,0
512179,1,0
512191,1,0
512219,1,0
512262,1,0
512284,1,0
512296,1,1
512358,0,1
512426,1,0
512471,1,0
512522,1,0
512580,2,0
512599,2,0
512615,1,0
512640,1,0
512869,1,0
512897,1,0
512906,1,0
513000,2,0
513081,1,0
513099,1,0
513123,1,0
513125,2,0
513170,1,0
513229,1,0
513246,1,0
513446,1,0
513480,1,0
513553,1,0
513590,1,0
513661,1,0
513708,1,0
513778,1,0
513820,1,0
514042,1,0
514145,1,0
514235,1,0
514272,1,0
514369,2,0
514395,1,0
514403,1,0
514451,1,0
514493,2,0
514523,2,0
514530,1,0
514552,1,0
514559,1,0
514616,2,0
514632,1,0
514652,0,0
514900,2,0
514917,1,0
515023,2,0
515049,1,0
515134,1,0
515142,2,0
515165,1,0
515185,1,0
515298,2,0
515315,2,0
515386,1,0
515444,2,0
515579,2,0
515605,1,0
515634,0,1
515639,2,0
515645,1,0
515656,1,0
515663,1,0
515667,1,0
515718,2,0
515775,1,0
515790,2,0
515805,1,0
515822,1,0
515826,1,0
515860,1,0
515905,1,0
515929,1,0
515969,1,0
515981,1,0
516133,1,0
516224,1,0
516242,1,0
516255,2,0
516271,1,0
516276,2,0
516301,1,0
516329,1,0
516337,1,0
516362,1,0
516474,1,0
516491,1,0
516519,0,1
516544,1,0
516594,1,0
516674,2,0
516791,1,0
516984,1,0
516995,1,0
517087,1,0
517129,2,0
517190,1,0
517222,1,0
517262,2,0
517267,2,0
517295,1,0
517405,1,0
517472,0,1
517533,1,0
517538,1,0
517559,1,0
517612,2,0
517614,2,0
517702,2,0
517729,1,0
517739,1,0
517758,1,0
517781,1,0
517797,1,0
517867,1,0
517940,2,0
517945,1,0
518061,1,0
518064,2,0
518210,2,0
518236,1,0
518249,1,0
518305,1,0
518533,2,0
518561,2,0
518578,2,0
518582,1,0
518622,1,0
518677,1,0
518771,2,0
518834,1,0
519087,1,0
519203,1,0
519213,2,0
519276,1,0
519300,1,0
519419,1,0
519442,1,0
519677,1,0
519726,1,0
519742,1,0
519766,2,0
519796,1,0
519826,0,1
519873,0,1
519933,1,0
519984,1,0
520091,1,0
520094,1,0
520137,1,0
520163,1,0
520202,1,0
520207,1,0
520321,2,0
520428,1,0
520660,1,0
520821,1,0
521043,2,0
521111,1,0
521176,1,0
521217,1,0
521225,1,0
521252,1,0
521311,1,0
521384,1,0
521431,1,0
521486,1,0
521545,1,0
521576,1,0
521653,1,0
521684,1,0
521699,1,0
521702,1,0
521875,1,0
521949,2,0
522111,1,0
522234,1,0
522251,1,0
522261,1,0
522285,0,1
522408,1,0
522493,1,0
522572,1,0
522618,1,0
522677,1,0
522758,1,0
522763,0,1
522788,2,0
522851,2,0
522866,1,0
522924,1,0
522935,1,0
523037,0,1
523110,1,0
523170,1,0
523188,0,1
523194,0,1
523210,1,0
523246,1,0
523272,1,0
523288,1,0
523296,1,0
523394,1,0
523399,2,0
523642,1,0
523722,1,0
523897,1,0
523904,1,0
523979,2,0
524055,1,0
524234,1,0
524379,1,0
524483,1,0
524536,2,0
524586,2,0
524951,2,0
524968,0,1
525129,1,0
525188,1,0
525202,2,0
525245,0,1
525246,1,0
525476,2,0
525508,0,1
525525,1,0
525548,1,0
525579,1,0
525612,1,0
525740,1,0
525765,1,0
525866,2,0
525918,1,0
526020,0,1
526064,2,0
526094,1,0
526164,1,0
526165,1,0
526222,1,0
526316,1,0
526344,1,0
526349,1,0
526374,1,0
526479,2,0
526481,1,0
526508,1,0
526579,1,0
526586,1,0
526629,0,0
526644,1,0
526663,1,0
526736,2,0
526747,1,0
526765,1,0
526784,1,0
526822,1,0
526867,2,0
526975,2,0
527004,1,0
527067,1,0
527090,2,0
527194,1,0
527235,1,0
527244,2,0
527337,1,0
527414,2,0
527434,1,0
527565,1,0
527582,1,0
527622,1,0
527640,1,0
527656,2,0
527712,1,0
527773,2,0
527838,1,0
527941,1,0
527944,2,0
528055,1,0
528074,2,0
528095,2,0
528122,1,0
528160,1,0
528173,1,0
528226,1,0
528229,1,0
528260,2,0
528331,1,0
528332,1,0
528363,1,0
528413,1,0
528447,1,1
528492,1,0
528693,1,0
528697,2,0
528712,1,0
528782,2,0
528809,1,0
528985,1,0
529085,1,0
529098,1,0
529106,1,0
529140,1,0
529218,1,0
529331,2,0
529390,1,0
529415,1,0
529458,1,0
529471,1,0
529544,2,0
529579,2,0
529733,2,0
529746,2,0
529922,1,0
529988,2,0
530051,1,0
530098,1,0
530105,1,0
530113,2,0
530119,2,0
530206,1,0
530214,2,0
530235,1,0
530281,1,0
530299,1,0
530425,1,0
530436,1,0
530508,1,0
530517,2,0
530613,1,0
530621,1,0
530666,1,0
530712,2,0
530770,1,0
530833,1,0
530839,1,0
530880,1,0
530955,1,0
530978,1,0
531052,1,0
531201,2,0
531286,1,0
531290,2,0
531293,2,0
531398,1,0
531430,1,0
531514,1,0
531515,1,0
531619,1,0
531793,1,0
531841,1,0
531868,1,0
531976,1,0
532203,1,0
532333,1,0
532334,2,0
532376,2,0
532378,1,0
532419,0,1
532422,1,0
532464,1,0
532592,1,0
532752,2,0
532759,1,0
532813,1,0
532832,1,0
532848,2,0
532925,1,0
532945,0,1
532978,2,0
532997,1,0
533157,1,0
533198,1,0
533213,2,0
533302,1,0
533365,1,0
533388,2,0
533391,2,0
533470,1,0
533488,2,0
533509,1,0
533539,1,0
533638,1,0
533666,1,0
533742,1,0
533766,1,0
533950,1,0
534009,1,0
534151,1,0
534324,2,0
534452,1,0
534464,1,0
534481,1,0
534505,2,0
534510,2,0
534571,2,0
534649,2,0
534716,1,0
534734,1,0
534764,2,1
534794,2,0
534805,2,0
534813,1,0
534904,1,0
534905,1,0
534972,1,0
535151,1,0
535183,2,0
535233,1,0
535251,1,0
535320,1,0
535327,2,0
535367,1,0
535413,2,0
535436,1,1
535482,1,0
535525,2,0
535539,1,0
535544,1,0
535587,1,0
535852,1,0
535892,1,0
535944,1,0
536018,2,0
536021,2,0
536066,1,0
536082,1,0
536092,1,0
536124,2,0
536132,1,0
536186,1,0
536371,2,0
536409,2,0
536485,1,0
536517,1,0
536535,1,0
536567,1,0
536577,1,0
536603,2,0
536671,1,0
536699,2,0
536794,1,0
536823,1,0
536848,1,0
536941,2,0
536959,2,0
537013,1,0
537038,1,0
537124,1,0
537132,1,0
537387,1,0
537397,1,0
537405,0,1
537421,1,0
537613,1,0
537701,1,0
537711,1,0
537722,1,0
537795,1,0
537829,2,0
537852,1,0
537887,2,0
537907,1,0
537914,1,0
537990,1,0
538042,1,0
538308,2,0
538341,1,0
538507,1,0
538550,1,0
538760,2,0
538770,1,0
538795,1,0
538854,1,0
538877,1,0
538902,2,0
538949,1,0
538979,1,0
539106,1,0
539125,1,0
539144,1,0
539322,1,0
539358,1,0
539370,1,0
539436,1,0
539505,2,0
539537,1,0
539599,2,0
539673,1,0
539674,1,0
539704,1,0
539705,2,0
539739,0,1
539742,1,0
539746,2,0
539760,1,0
539776,1,0
539854,1,0
539941,2,0
540011,1,0
540109,1,0
540112,1,0
540142,1,0
540268,2,0
540291,2,0
540316,1,0
540380,2,0
540497,1,0
540548,1,0
540551,1,0
540628,1,0
540715,0,0
540751,1,0
540756,2,0
540796,2,0
540836,2,0
540901,2,0
540905,1,0
540918,1,0
540966,1,0
541000,1,0
541008,0,0
541009,1,0
541037,0,1
541040,2,0
541078,1,0
541163,1,0
541178,1,0
541239,1,0
541358,1,0
541410,2,0
541435,1,0
541557,1,0
541564,1,0
541741,1,0
541751,2,0
541898,1,0
541953,1,0
541961,1,0
542002,1,0
542014,1,0
542043,1,0
542085,1,0
542089,2,0
542118,1,0
542180,1,0
542182,1,0
542208,2,0
542287,1,0
542296,1,0
542574,2,0
542636,2,0
542696,1,0
542893,1,0
542934,2,0
542976,0,1
543119,1,0
543285,2,0
543326,1,0
543422,1,0
543449,2,0
543456,2,0
543460,1,0
543478,2,0
543553,2,0
543599,2,0
543693,1,0
543852,1,0
543862,1,0
543881,2,0
543901,1,0
543918,1,1
543956,0,1
543978,1,0
544167,1,0
544182,1,0
544301,1,0
544306,2,0
544337,1,0
544421,1,0
544493,1,0
544561,1,0
544569,1,0
544619,2,0
544690,1,0
544752,1,0
544837,1,0
544890,1,0
545010,2,0
545087,1,0
545127,1,0
545144,1,0
545179,0,1
545278,1,0
545378,1,0
545410,1,0
545421,1,0
545497,1,0
545514,2,0
545534,1,0
545541,1,0
545567,1,0
545582,1,0
545586,1,0
545638,2,0
545659,1,0
545744,2,0
545883,1,0
545889,2,0
545917,1,0
545947,1,0
546025,1,0
546037,2,0
546039,1,0
546163,0,0
546171,2,0
546177,1,0
546231,1,0
546259,2,0
546456,1,0
546665,1,0
546736,2,0
546758,1,0
546773,1,0
546796,1,0
546827,1,0
546869,1,0
546994,2,0
546997,1,0
547016,1,0
547190,1,0
547213,1,0
547217,2,0
547342,0,1
547355,1,0
547357,1,0
547360,1,0
547407,1,0
547442,0,1
547500,1,0
547522,1,0
547542,1,0
547559,1,0
547561,1,0
547575,1,0
547649,1,0
547699,1,0
547764,2,0
547802,1,0
547994,2,0
548037,1,0
548126,1,0
548202,2,0
548228,1,0
548238,1,0
548244,1,0
548251,1,0
548335,1,0
548390,0,1
548565,1,0
548638,2,0
548682,1,0
548722,1,0
548752,1,0
548883,2,0
548999,1,0
549034,1,0
549064,1,0
549080,1,0
549091,1,0
549132,1,0
549200,1,0
549238,1,0
549402,1,0
549404,0,0
549415,1,0
549444,1,0
549537,1,0
549540,1,0
549541,1,0
549562,1,0
549598,1,0
549612,1,0
549686,1,0
549715,1,0
549751,1,0
549757,1,0
549858,1,0
549862,1,0
549982,1,0
550058,1,0
550173,1,0
550213,1,0
550262,2,0
550303,2,0
550352,1,0
550434,1,0
550519,1,0
550539,1,0
550575,2,0
550598,0,1
550686,1,0
550769,2,0
550834,2,0
550839,1,0
550856,1,0
550896,1,0
551055,1,0
551154,1,0
551248,1,0
551296,1,0
551300,1,0
551313,2,0
551391,1,0
551429,1,0
551510,1,0
551533,2,0
551652,1,0
551710,2,0
551809,1,0
551828,1,0
551833,1,0
551837,1,0
551938,1,0
551946,1,0
551961,2,0
551975,1,0
551981,1,0
552016,1,0
552221,2,0
552235,2,0
552278,1,0
552328,1,0
552364,1,0
552441,0,1
552546,2,0
552568,2,0
552576,1,0
552669,1,0
552747,1,0
552755,2,0
552776,2,0
552818,1,0
552823,2,0
552936,2,0
552945,2,0
552965,2,0
552966,1,0
553018,2,0
553061,1,0
553089,1,0
553254,1,0
553261,1,0
553389,1,0
553396,1,0
553412,1,0
553453,1,0
553530,1,0
553558,1,0
553567,2,0
553879,1,0
553936,2,0
553943,1,0
553944,2,0
553954,1,0
553956,1,0
553973,1,0
554104,1,0
554136,1,0
554155,2,0
554255,2,0
554442,1,0
554449,1,0
554453,1,0
554487,1,0
554572,2,0
554636,1,0
554712,2,0
554761,2,0
554888,2,0
554983,1,0
555001,1,0
555024,2,0
555050,1,0
555081,1,0
555102,1,0
555112,2,0
555118,1,0
555205,1,0
555218,2,0
555298,1,0
555301,1,0
555398,1,0
555517,2,0
555541,1,0
555576,1,0
555745,1,0
555831,2,0
555947,2,0
556050,1,0
556136,1,0
556164,2,0
556188,1,0
556266,1,0
556313,1,0
556453,1,0
556492,0,1
556622,1,0
556626,1,0
556649,1,0
556688,1,0
556755,2,0
556778,1,0
556808,1,0
556865,1,0
556879,2,0
556958,1,0
556982,1,0
557138,0,1
557289,1,0
557458,1,0
557469,2,0
557500,1,0
557519,1,0
557525,1,0
557597,2,0
557633,1,0
557640,1,0
557723,1,0
557739,1,0
557752,1,0
557852,2,0
557867,1,0
557872,2,0
557880,1,0
557932,1,0
557996,1,0
558040,1,0
558097,1,0
558138,2,0
558248,2,0
558258,2,0
558288,2,0
558451,1,0
558469,2,0
558511,0,1
558543,1,0
558598,1,0
558686,1,0
558854,1,0
558969,1,0
559005,0,1
559007,1,0
559016,1,0
559111,2,0
559124,1,0
559127,2,0
559233,2,0
559261,2,0
559279,1,0
559304,1,0
559342,1,0
559362,1,0
559388,1,0
559483,1,0
559519,0,1
559576,1,0
559619,2,0
559622,1,0
559657,2,0
559721,0,1
559723,1,0
559726,1,0
559879,1,0
560024,1,0
560104,1,0
560149,1,0
560283,1,0
560505,1,0
560528,1,0
560597,0,1
560713,1,0
560714,1,0
560936,1,0
560990,2,0
561041,1,0
561053,1,0
561072,1,0
561092,1,0
561107,1,0
561219,1,0
561228,1,0
561251,1,0
561284,1,0
561307,2,0
561321,1,0
561413,1,0
561481,1,0
561520,1,0
561570,1,0
561620,1,0
561621,1,0
561640,1,0
561654,1,0
561722,2,0
561801,0,1
561873,1,0
561874,1,0
561917,2,0
561933,2,0
561961,1,0
561981,2,0
562084,1,0
562093,1,0
562234,1,0
562305,1,0
562324,2,0
562358,2,0
562361,0,0
562376,1,0
562404,1,0
562411,1,0
562501,2,0
562510,2,0
562588,2,0
562644,1,0
562655,1,0
562661,0,1
562677,1,0
562703,2,0
562734,1,0
562737,1,0
563076,1,0
563086,1,0
563094,0,0
563142,2,0
563188,1,0
563217,1,0
563386,2,0
563410,1,0
563428,2,0
563587,1,0
563633,2,0
563749,1,0
563774,1,0
563945,1,0
563977,2,0
563981,1,0
564111,1,0
564114,1,0
564138,1,0
564141,1,0
564201,1,0
564305,0,0
564449,1,0
564650,1,0
564707,1,0
564813,2,0
564838,2,0
564841,1,0
564882,1,0
564909,1,0
564959,1,0
564973,1,0
565008,2,0
565040,1,0
565041,1,0
565074,2,0
565133,1,0
565171,1,0
565227,2,0
565242,2,0
565351,1,0
565452,1,0
565533,1,0
565602,2,0
565634,2,0
565690,1,0
565710,1,0
565787,2,0
565805,1,0
565811,1,0
565841,0,0
565876,1,0
565900,1,0
565960,1,0
565991,2,0
566033,2,0
566165,1,0
566182,1,0
566343,2,0
566374,1,0
566550,2,0
566630,1,0
566640,1,0
566663,2,0
566696,1,0
566714,1,0
566737,1,0
566767,1,0
566802,2,0
566808,1,0
566851,1,0
566951,1,0
566957,1,0
566961,1,0
566991,2,0
567048,1,0
567070,1,0
567082,2,0
567151,2,0
567210,1,0
567219,2,0
567227,1,0
567256,1,0
567261,1,0
567319,1,0
567412,1,0
567420,1,0
567571,1,0
567670,0,1
567805,2,0
567865,1,0
567875,2,0
568111,2,0
568171,2,0
568172,1,0
568205,0,1
568286,1,0
568329,1,0
568442,1,0
568484,1,0
568525,1,0
568547,1,0
568594,2,0
568667,2,0
568678,1,0
568681,2,0
568712,1,0
568734,1,0
568769,1,0
568786,1,0
568798,2,0
568814,1,0
568870,1,0
568880,1,0
568953,1,0
569188,2,0
569236,1,0
569313,1,0
569315,1,0
569319,1,0
569347,1,0
569369,1,0
569603,1,0
569677,0,1
569720,1,0
569769,2,0
569846,2,0
569880,1,0
569940,1,0
569972,2,0
570116,1,0
570299,1,0
570318,1,0
570406,1,0
570469,1,0
570531,2,0
570600,1,0
570637,2,0
570668,2,0
570683,1,0
570784,1,0
570796,1,0
570806,1,0
570920,1,0
570971,2,0
571017,1,0
571123,1,0
571163,1,0
571169,2,0
571180,1,0
571215,1,0
571239,1,0
571340,2,0
571406,2,0
571409,2,0
571479,2,0
571498,1,0
571603,0,0
571643,1,0
571670,1,0
571760,1,0
571845,2,0
571942,1,0
571964,1,0
571970,1,0
571992,1,0
572015,1,0
572045,1,0
572062,2,0
572066,2,0
572073,1,0
572094,1,0
572263,1,0
572265,1,0
572282,1,0
572345,1,0
572410,1,0
572448,2,0
572463,2,0
572505,2,0
572547,1,0
572647,1,0
572663,1,0
572668,1,0
572768,2,0
572811,1,0
572812,2,0
572836,2,0
572890,2,0
572927,1,0
573078,2,0
573217,1,0
573290,0,0
573332,1,0
573344,1,0
573347,2,0
573446,1,0
573458,1,0
573475,1,0
573505,1,0
573649,1,0
573661,2,0
573681,1,0
573830,2,0
573897,1,0
573954,1,0
573964,1,0
573972,1,0
573986,2,0
573995,2,0
574005,2,0
574081,1,0
574163,1,0
574302,1,0
574330,1,0
574391,1,0
574492,2,0
574506,1,0
574542,1,0
574560,2,0
574613,2,0
574627,2,0
574640,1,0
574674,1,0
574688,2,0
574723,1,0
574726,1,0
574745,2,0
574771,1,0
574835,1,0
574899,1,0
574930,2,0
575015,2,0
575030,1,0
575070,1,0
575089,2,0
575123,1,0
575145,2,0
575147,1,0
575342,2,0
575411,2,0
575434,1,0
575487,0,1
575571,1,0
575573,1,0
575574,1,0
575612,1,0
575818,1,0
575821,2,0
575833,1,0
575844,1,0
575849,2,0
575948,1,0
576051,1,0
576057,2,0
576071,1,0
576074,1,0
576110,1,0
576176,2,0
576184,1,0
576217,1,0
576294,1,0
576345,1,0
576354,1,0
576363,1,0
576498,1,0
576576,1,0
576587,1,0
576654,2,0
576658,0,0
576690,1,0
576692,1,0
576716,1,0
576736,0,1
576871,1,0
576878,1,0
576911,1,0
576936,1,0
576947,1,0
577124,1,0
577151,0,1
577156,1,0
577195,2,0
577232,2,1
577265,1,0
577278,1,0
577322,1,0
577360,1,0
577374,1,0
577386,1,0
577398,1,0
577405,1,0
577467,1,0
577501,1,0
577535,1,0
577726,1,0
577795,1,0
577844,1,0
577860,1,0
577872,2,0
577901,2,0
577998,2,0
578013,1,0
578020,1,0
578114,1,0
578167,1,0
578203,1,0
578234,2,0
578688,1,0
578751,2,0
578788,2,0
578811,1,0
578837,1,0
578944,1,0
578998,1,0
579005,1,0
579015,1,0
579034,1,0
579093,2,0
579245,2,0
579283,1,0
579318,1,0
579322,1,0
579377,1,0
579424,1,0
579438,2,0
579581,1,0
579584,2,0
579684,1,0
579710,1,0
579726,1,0
579785,0,1
579847,1,0
579883,2,0
579890,1,0
579931,1,0
579943,1,0
579990,1,0
580068,2,0
580159,1,0
580169,1,0
580201,1,0
580212,1,0
580324,1,0
580341,1,0
580356,1,0
580472,1,0
580493,1,0
580500,0,1
580508,1,0
580554,1,0
580586,1,0
580592,2,0
580628,2,0
580834,1,0
580979,2,0
581007,1,0
581079,1,0
581260,1,0
581294,1,0
581380,2,0
581396,2,0
581419,2,0
581427,1,0
581481,1,0
581513,1,0
581531,1,0
581533,1,0
581596,1,0
581651,2,0
581661,1,0
581668,1,0
581682,1,0
581712,1,0
581913,1,0
581999,2,0
582066,1,0
582067,2,0
582097,2,0
582166,2,0
582244,2,0
582256,2,0
582257,1,0
582364,1,0
582427,1,0
582429,2,0
582493,1,1
582646,1,0
582674,0,1
582690,1,0
582843,2,0
582861,2,0
582874,0,0
582883,1,0
582929,1,0
582930,1,0
582990,2,0
583003,2,0
583005,1,0
583165,2,0
583175,2,0
583223,1,0
583227,1,0
583252,1,0
583271,2,0
583272,2,0
583327,1,0
583415,1,0
583513,1,0
583539,1,0
583565,1,0
583601,2,0
583610,1,0
583648,1,0
583670,1,0
583718,1,0
583754,1,0
583788,2,0
584017,1,0
584173,1,0
584285,1,0
584377,1,0
584405,1,0
584426,2,0
584458,1,0
584463,1,0
584536,1,0
584537,1,0
584564,1,0
584727,1,0
584737,2,0
584782,1,0
584796,2,0
584833,1,0
584845,1,0
584880,1,0
585039,1,0
585066,2,0
585082,1,0
585162,2,0
585271,1,0
585275,1,0
585277,1,0
585316,1,0
585357,1,0
585377,1,0
585386,1,0
585420,1,0
585495,2,0
585509,2,0
585629,1,0
585642,1,0
585756,1,0
585780,1,0
585793,1,0
585850,1,0
585853,1,0
585854,1,0
585947,1,0
585975,1,0
585976,2,0
585978,1,0
586056,1,0
586076,0,1
586100,1,0
586164,1,0
586191,2,0
586199,0,0
586365,2,0
586401,2,0
586446,1,0
586542,1,0
586686,1,0
586711,1,0
586734,1,0
586753,1,0
586870,1,0
586891,1,0
586944,1,0
587136,2,0
587196,1,0
587284,2,0
587378,1,0
587420,1,0
587480,1,0
587543,2,0
587591,1,0
587619,1,0
587623,1,0
587633,1,0
587769,2,0
587800,1,0
587867,1,0
588015,1,0
588095,1,0
588220,1,0
588237,1,0
588292,2,0
588445,1,0
588516,1,0
588657,1,0
588789,1,0
588864,2,0
588917,1,0
588943,2,0
588980,1,0
588993,2,0
589074,0,1
589101,2,0
589394,2,0
589427,2,0
589430,2,0
589466,1,0
589580,1,0
589745,1,0
589765,1,0
589795,1,0
589818,2,0
589840,1,0
590012,2,0
590025,1,0
590098,1,0
590246,1,0
590280,1,0
590301,1,0
590393,2,0
590485,1,0
590514,1,0
590621,2,0
590647,1,0
590727,1,0
590752,1,0
590778,1,0
590936,1,0
590981,1,0
590989,2,0
591174,1,0
591234,2,0
591272,1,0
591367,1,0
591377,1,0
591414,0,0
591476,2,0
591547,1,0
591576,2,0
591579,2,0
591608,1,0
591641,1,0
591731,1,0
591758,1,0
591841,1,0
591854,1,0
592003,0,1
592034,0,0
592064,1,0
592088,1,0
592145,1,0
592213,2,0
592218,2,0
592251,1,0
592302,2,0
592350,1,0
592431,1,0
592485,1,0
592515,2,0
592532,2,0
592966,1,0
592992,2,0
593007,1,0
593039,2,0
593116,1,0
593190,1,0
593252,1,0
593277,2,0
593327,2,0
593340,1,0
593386,0,1
593421,1,0
593506,1,0
593651,1,0
593684,1,0
593710,1,0
593781,1,0
593868,1,0
593885,2,0
594028,1,0
594044,2,0
594200,2,0
594468,2,0
594598,0,1
594606,2,0
594626,2,0
594636,1,0
594649,1,0
594672,1,0
594681,2,0
594997,1,0
595024,1,0
595027,2,0
595028,1,0
595083,1,0
595169,1,0
595215,1,0
595235,1,0
595236,2,0
595320,1,0
595323,1,0
595325,1,0
595334,2,0
595529,2,0
595624,2,0
595658,1,0
595681,1,0
595747,1,0
595775,2,0
595965,1,0
595978,2,0
595980,1,0
596004,1,0
596033,2,0
596153,1,0
596171,1,0
596173,2,0
596179,1,0
596297,1,0
596327,1,0
596390,2,0
596462,0,1
596544,0,1
596586,1,0
596674,1,0
596787,1,0
596818,2,0
596911,1,0
597023,1,0
597124,2,0
597156,0,1
597189,1,0
597191,1,0
597197,1,0
597209,1,0
597228,1,0
597237,1,0
597267,1,0
597294,0,0
597300,1,0
597313,1,0
597522,2,0
597532,1,0
597630,2,0
597837,1,0
597897,2,0
597981,1,0
598016,1,0
598059,1,0
598258,2,0
598360,1,0
598364,1,0
598369,1,0
598398,1,0
598705,1,0
598706,1,0
598711,1,0
598760,1,0
598799,1,0
599078,1,0
599145,1,0
599184,1,0
599341,1,0
599369,1,0
599372,1,0
599394,2,0
599442,1,0
599483,1,0
599491,1,0
599560,1,0
599746,1,0
599778,0,0
599873,2,0
599925,2,0
600013,2,0
600021,2,0
600063,1,0
600220,2,0
600302,1,0
600309,0,1
600432,1,0
600482,1,0
600541,2,0
600563,1,0
600598,1,0
600651,1,0
600664,1,0
600712,1,0
600746,1,0
600756,1,0
600785,1,0
600792,2,0
600820,2,0
600884,1,0
600914,1,0
600923,2,0
601027,1,0
601068,2,0
601105,1,0
601131,1,0
601143,2,0
601167,1,0
601332,1,0
601341,1,0
601407,1,0
601448,1,0
601583,2,0
601586,1,0
601597,2,0
601625,0,1
601626,1,0
601681,1,0
601775,1,0
601834,1,0
601940,1,0
601997,2,0
602014,1,0
602043,2,0
602068,2,0
602086,2,0
602150,1,0
602176,1,0
602213,1,0
602222,1,0
602275,2,0
602346,1,0
602361,1,0
602384,2,0
602574,1,0
602585,2,0
602587,1,0
602649,2,0
602685,1,0
602694,2,0
602783,1,0
602900,1,0
602931,1,0
603005,0,1
603009,0,0
603050,2,0
603070,0,1
603077,1,0
603079,1,0
603082,2,0
603248,2,0
603371,1,0
603407,1,0
603433,2,0
603446,1,0
603531,1,0
603539,1,0
603545,1,0
603587,1,0
603653,0,0
603658,1,0
603674,1,0
603739,1,0
603744,1,0
603775,1,0
603968,1,0
604019,1,0
604039,2,0
604076,2,0
604077,2,0
604116,0,0
604274,1,1
604328,2,0
604332,1,0
604436,2,0
604461,1,0
604470,1,0
604471,2,0
604510,0,1
604526,1,0
604630,2,0
604645,1,0
604681,1,0
604724,1,0
604772,1,0
604783,2,0
604792,1,0
604822,1,0
604825,2,0
604839,2,0
604870,1,1
604943,1,0
605127,1,0
605134,1,0
605184,1,0
605269,1,0
605320,1,0
605322,1,0
605341,1,0
605343,1,0
605421,1,0
605500,1,0
605505,1,0
605723,1,0
605761,2,0
605768,2,0
605787,1,0
605790,1,0
605803,1,0
605849,1,0
605874,1,0
605877,1,0
605907,1,0
605926,1,0
606004,1,0
606026,1,0
606060,1,0
606074,2,0
606076,2,0
606117,2,0
606214,1,0
606344,2,0
606371,1,0
606396,0,1
606455,1,0
606563,1,0
606600,1,0
606712,1,0
606811,2,0
606846,1,0
606852,1,0
606875,1,0
606877,2,0
606962,2,0
606989,1,0
607115,1,0
607117,1,0
607123,1,0
607266,2,0
607275,1,0
607292,1,0
607347,1,0
607405,1,0
607453,1,0
607480,1,0
607489,1,0
607538,1,0
607548,1,0
607555,1,0
607565,1,0
607588,0,1
607662,1,0
607696,1,0
607752,2,0
607769,0,1
607847,2,0
607856,1,0
607885,1,0
607993,2,0
607997,1,0
608070,1,0
608087,2,0
608116,1,0
608159,1,0
608241,1,0
608326,2,0
608370,1,0
608384,1,0
608419,1,0
608493,1,0
608504,2,0
608508,1,0
608517,1,0
608537,2,0
608601,1,0
608605,1,0
608739,1,0
608758,1,0
608850,1,0
608974,1,0
609009,1,0
609072,1,0
609174,1,0
609184,1,0
609296,1,0
609532,1,0
609650,2,0
609664,2,0
609667,1,0
609730,1,0
609778,1,0
609878,2,0
609971,1,0
610096,1,0
610393,1,0
610432,1,0
610465,1,0
610482,1,0
610573,1,0
610585,1,0
610631,2,0
610684,1,0
610860,2,0
610916,2,0
610946,1,0
611029,1,0
611046,2,0
611051,1,0
611084,1,0
611086,1,0
611247,2,0
611356,1,0
611366,1,0
611415,1,0
611436,1,0
611464,1,0
611481,1,0
611538,1,0
611582,1,0
611618,1,0
611667,0,1
611673,1,0
611689,1,0
611765,1,0
611817,1,0
611873,1,0
611990,1,0
612013,2,0
612019,1,0
612060,1,0
612074,2,0
612122,1,0
612140,1,0
612144,1,0
612162,1,0
612186,1,0
612233,2,0
612269,1,0
612294,1,0
612311,1,0
612339,1,0
612370,2,0
612488,1,0
612510,1,0
612555,1,0
612595,2,0
612650,1,0
612664,1,0
612703,1,0
612719,1,0
612742,2,0
612795,1,0
612834,1,0
612905,1,0
612955,1,0
612963,2,0
612995,1,0
613076,1,0
613185,1,0
613195,1,0
613234,1,0
613265,1,0
613303,1,0
613546,1,0
613709,2,0
613747,1,0
613804,1,0
613860,0,1
613908,1,0
613925,2,0
614000,1,0
614063,1,0
614100,1,0
614106,1,0
614122,1,0
614164,1,0
614219,1,0
614221,2,0
614246,1,0
614307,1,0
614350,1,0
614373,1,0
614377,2,0
614379,1,0
614428,2,0
614441,1,0
614574,2,0
614634,1,0
614720,2,0
614721,0,1
614782,2,0
614787,2,0
614810,1,0
614830,1,0
614871,2,0
615022,1,0
615054,2,0
615131,1,0
615201,1,0
615214,1,0
615244,1,0
615251,1,0
615327,1,0
615385,2,0
615394,1,0
615411,1,0
615439,1,1
615459,0,1
615528,1,1
615529,1,0
615561,1,1
615578,1,0
615617,1,0
615662,1,0
615673,1,0
615678,2,0
615826,1,0
615854,1,0
615945,2,0
615989,1,0
616083,1,0
616137,2,0
616162,1,0
616183,2,0
616207,2,0
616220,1,0
616226,1,0
616342,1,0
616350,2,0
616374,2,0
616416,1,0
616447,2,0
616500,1,0
616522,2,0
616611,2,0
616641,2,0
616650,1,0
616667,1,0
616722,1,0
616739,2,0
616746,2,0
616835,0,1
616857,1,0
616875,1,0
616920,1,0
616956,2,0
617008,1,0
617079,1,0
617099,1,0
617108,2,0
617171,1,0
617263,1,0
617296,1,0
617326,1,0
617348,1,0
617447,1,0
617471,1,0
617484,1,0
617489,1,1
617516,1,0
617670,1,0
617916,1,0
617960,1,0
618022,1,0
618089,2,0
618100,2,0
618112,1,0
618124,1,0
618226,2,0
618300,1,0
618302,1,0
618309,2,0
618329,1,0
618379,1,0
618390,1,0
618409,1,0
618461,1,0
618494,2,0
618523,1,0
618524,1,0
618601,1,0
618656,2,0
618719,1,0
618731,1,0
618817,1,0
618823,1,0
618824,1,0
618830,1,0
618871,2,0
618877,2,0
618886,1,0
619141,1,0
619268,1,0
619337,2,0
619404,1,0
619483,1,0
619537,1,0
619548,1,0
619596,2,0
619693,1,0
619826,1,0
619840,1,0
619916,1,0
619920,1,0
620078,0,0
620084,2,0
620094,1,0
620122,1,0
620406,1,0
620446,1,0
620465,1,0
620480,1,0
620563,1,0
620584,1,0
620587,2,0
620674,2,0
620741,1,0
620792,2,0
620858,1,0
620969,2,0
620990,1,0
621006,1,0
621072,0,1
621093,1,0
621180,1,0
621190,1,0
621218,1,0
621279,2,0
621583,1,0
621695,1,0
621731,1,0
621750,1,0
621814,1,0
621823,2,0
621832,1,0
621876,1,0
621940,1,0
621951,1,0
622006,1,0
622019,1,0
622036,2,0
622171,2,0
622269,2,0
622302,2,0
622324,2,0
622334,2,0
622527,1,0
622610,1,0
622632,2,0
622697,1,0
622776,1,0
622794,2,0
622801,2,0
622822,2,0
622883,1,0
622906,1,0
622953,2,0
622975,1,0
622992,2,0
623008,2,0
623071,1,0
623144,1,0
623154,2,0
623222,1,0
623327,2,0
623341,2,0
623478,2,0
623537,1,0
623569,1,0
623654,1,0
623688,1,0
623861,1,0
623903,1,0
623946,2,0
624065,1,0
624216,1,0
624407,1,0
624463,1,0
624485,2,0
624487,1,0
624528,2,0
624569,0,1
624621,1,0
624704,2,0
624881,1,0
624929,1,0
624935,1,0
624980,1,0
625033,1,0
625123,1,0
625183,1,0
625318,2,0
625320,0,1
625434,1,0
625451,1,0
625458,1,0
625497,1,0
625524,1,0
625557,1,0
625599,1,0
625621,1,0
625784,1,0
625859,1,0
625870,1,0
625945,1,0
626030,1,0
626046,2,0
626068,2,0
626070,2,0
626149,1,0
626211,1,0
626217,2,0
626312,2,0
626326,2,0
626474,1,0
626510,2,0
626542,1,0
626560,0,0
626664,1,0
626746,1,0
626762,1,0
626767,2,0
626973,1,0
627107,2,0
627191,2,0
627244,2,0
627354,1,0
627373,2,0
627428,1,0
627485,1,0
627489,1,0
627502,2,0
627568,2,0
627670,1,0
627778,1,0
627791,1,0
627826,1,0
627869,2,0
627893,1,0
627913,2,0
627915,1,0
627970,1,0
628017,1,0
628081,1,0
628096,1,0
628130,1,0
628169,1,0
628180,1,0
628211,1,0
628258,1,0
628320,1,0
628409,1,0
628431,1,0
628452,2,0
628475,1,0
628533,1,0
628578,1,0
628596,1,0
628618,1,0
628669,1,0
628837,2,0
628840,2,0
628844,1,0
628860,1,0
628917,1,0
628924,1,0
628952,1,0
629177,1,0
629267,2,0
629299,2,0
629341,2,0
629394,1,0
629410,1,0
629642,1,0
629706,1,0
629753,1,0
629966,2,0
629995,2,0
630034,1,0
630071,1,0
630209,1,0
630265,1,0
630290,2,0
630320,1,0
630338,1,0
630396,1,0
630588,1,0
630694,2,0
630711,1,0
630869,1,0
630880,2,0
630920,0,0
631051,1,0
631070,0,1
631100,2,0
631200,1,0
631232,2,0
631369,2,0
631379,1,0
631406,1,0
631442,2,0
631543,1,0
631557,1,0
631583,1,0
631661,1,0
631683,1,0
631704,1,0
631714,2,0
631801,0,0
631821,1,0
631839,1,0
631853,1,0
631854,1,0
631869,1,0
632097,1,0
632103,1,0
632130,1,0
632199,1,0
632352,1,0
632398,1,0
632399,1,0
632435,1,0
632515,0,1
632556,1,0
632638,1,0
632720,1,0
632793,1,0
632816,2,0
632826,1,0
632951,2,0
632974,2,0
632981,2,0
633067,2,0
633135,1,0
633140,1,0
633162,2,0
633202,1,0
633299,1,0
633330,2,0
633332,2,0
633339,2,0
633458,1,0
633490,2,0
633627,1,0
633631,1,0
633640,1,0
633734,2,0
633749,1,0
633787,1,0
633861,1,0
633910,1,0
633938,1,0
633992,1,0
633999,2,0
634181,1,0
634185,1,0
634269,2,0
634328,2,0
634386,1,0
634392,2,0
634418,1,0
634423,1,0
634503,1,0
634615,0,1
634727,1,0
634807,1,0
634850,1,0
634900,1,0
634916,2,0
635026,2,0
635084,1,0
635162,2,0
635225,1,0
635249,1,0
635302,0,0
635334,2,0
635398,2,0
635509,2,0
635517,2,0
635531,1,0
635616,1,0
635715,1,0
635719,1,0
635805,1,0
635907,2,0
636000,1,0
636012,1,0
636017,2,0
636045,1,0
636177,1,0
636206,2,0
636213,1,0
636293,1,0
636413,1,0
636505,1,0
636533,2,0
636673,1,0
636745,2,0
636749,1,0
636753,1,0
636813,1,0
636965,1,0
637100,2,0
637151,1,0
637235,2,0
637249,1,0
637396,1,0
637453,2,0
637532,1,0
637580,1,0
637641,1,0
637655,1,0
637687,1,0
637721,1,0
637760,1,0
637765,1,0
637927,2,0
637986,1,0
638004,1,0
638085,2,0
638152,1,0
638162,1,0
638207,1,0
638237,2,0
638253,1,0
638264,2,0
638368,1,0
638389,1,0
638466,2,0
638469,0,1
638495,1,0
638506,1,0
638528,2,0
638602,1,0
638618,1,0
638685,1,0
638732,1,0
638733,1,0
638740,2,0
638754,2,0
638804,1,0
639116,2,0
639117,1,0
639145,1,0
639258,2,0
639346,2,0
639383,2,0
639419,1,1
639466,2,0
639510,1,0
639584,2,0
639613,1,0
639626,2,0
639701,1,0
639705,1,0
639807,1,0
640009,2,0
640082,1,0
640110,1,0
640116,1,0
640163,2,0
640238,1,0
640244,1,0
640285,1,0
640418,1,0
640555,1,0
640588,1,0
640614,1,0
640831,1,0
640833,1,0
640920,2,0
641039,1,0
641050,1,0
641103,1,0
641121,2,0
641123,1,0
641159,1,0
641160,1,0
641162,2,0
641164,1,0
641189,1,0
641327,1,0
641384,1,0
641448,1,0
641586,1,0
641612,0,1
641642,2,0
641704,1,0
641734,1,0
641827,2,0
641869,1,0
641879,1,0
641884,1,0
641903,2,0
641970,1,0
641997,1,0
642000,1,0
642002,1,0
642020,1,1
642031,2,0
642043,1,0
642099,1,0
642102,1,0
642109,1,0
642247,2,0
642313,1,0
642323,2,0
642401,2,0
642409,2,0
642449,1,0
642485,2,0
642738,2,0
642784,2,0
642808,1,0
642901,1,0
642976,0,1
643026,1,0
643059,1,0
643099,2,0
643117,1,0
643225,1,0
643300,1,0
643362,2,0
643364,1,0
643476,0,1
643480,1,0
643507,2,0
643605,1,0
643643,2,0
643669,1,0
643705,1,0
643854,1,0
643912,1,0
644014,1,0
644017,1,0
644163,1,0
644251,1,0
644265,1,0
644374,1,0
644390,1,0
644417,1,0
644434,1,0
644551,1,0
644630,1,0
644652,1,0
644769,1,0
644786,1,0
644865,1,0
644893,2,0
644938,1,0
644945,1,0
645057,1,0
645072,1,0
645078,2,0
645081,1,0
645114,2,0
645145,1,0
645147,1,0
645244,1,0
645265,1,0
645280,1,0
645333,2,0
645450,2,0
645508,1,0
645566,1,0
645600,1,0
645635,2,0
645653,1,0
645688,2,0
645712,1,0
645742,2,0
645895,1,0
645919,0,0
645927,1,0
645986,1,0
646022,1,0
646023,2,0
646038,1,0
646137,1,0
646168,1,0
646178,1,0
646187,2,0
646189,1,0
646198,2,0
646225,2,0
646262,2,0
646277,1,0
646289,2,0
646359,1,0
646399,2,0
646502,1,0
646519,1,0
646756,2,0
646935,1,0
647005,2,0
647041,1,0
647133,1,0
647214,1,0
647393,2,0
647491,1,0
647658,0,0
647672,1,0
647684,1,0
647726,1,0
647791,2,0
647894,1,0
647933,2,0
647956,2,0
648043,1,0
648077,1,0
648231,2,0
648286,2,0
648365,1,0
648380,1,0
648432,1,0
648455,1,0
648533,1,0
648575,1,0
648586,1,0
648596,2,0
648648,1,0
648653,1,0
648924,1,0
649052,2,0
649054,1,0
649089,0,1
649104,1,0
649194,1,0
649321,1,0
649404,2,0
649422,1,0
649442,1,0
649487,2,0
649656,1,0
649680,1,0
649770,2,0
649802,1,0
649855,1,0
649918,2,0
649961,1,0
649972,1,0
649994,1,0
650290,2,0
650358,1,0
650366,2,0
650377,1,0
650420,1,0
650445,1,0
650466,1,1
650486,1,0
650529,1,0
650553,1,0
650621,1,0
650657,1,0
650704,1,0
650721,1,0
650801,2,0
650870,1,0
650957,2,0
651006,1,0
651020,1,0
651054,2,0
651097,1,0
651210,2,0
651250,1,0
651277,2,0
651281,1,0
651377,1,0
651469,2,0
651605,1,0
651622,1,0
651631,1,0
651645,0,1
651694,1,0
651740,1,0
651835,1,0
651959,1,0
652034,1,0
652047,1,0
652194,1,0
652212,1,0
652291,1,0
652300,2,0
652357,2,0
652370,1,0
652374,1,0
652394,1,0
652431,2,0
652498,1,0
652499,2,0
652501,1,0
652518,1,0
652614,1,0
652627,2,0
652636,2,0
652642,1,0
652741,0,0
652756,2,0
652781,2,0
652790,2,0
652809,2,0
652816,1,0
652852,1,0
652862,1,0
653015,1,0
653070,1,0
653081,1,0
653191,2,0
653259,1,0
653304,0,1
653324,2,0
653337,1,0
653340,1,0
653354,2,0
653400,1,0
653441,1,0
653539,1,0
653542,1,0
653572,1,0
653636,1,0
653637,1,0
653698,1,0
653851,2,0
653890,2,0
653973,2,0
654073,1,0
654086,1,0
654122,1,0
654187,1,0
654225,2,0
654249,2,0
654288,1,0
654389,0,1
654433,1,0
654540,0,1
654578,1,0
654748,2,0
654751,1,0
654817,1,0
654890,1,0
654919,2,0
654941,1,0
654983,2,0
655016,2,0
655039,2,0
655044,1,0
655082,1,0
655085,2,0
655263,2,0
655325,1,0
655453,1,0
655473,2,0
655480,1,0
655614,2,0
655715,1,0
655721,0,1
655743,1,0
655892,1,0
655957,1,0
655995,2,0
656027,0,1
656036,2,0
656288,1,0
656360,1,0
656415,1,0
656454,2,0
656487,1,0
656572,1,0
656639,1,0
656650,1,0
656858,2,0
656942,1,0
656958,2,0
656993,2,0
657116,1,0
657118,1,0
657339,1,0
657492,1,0
657668,1,0
657730,2,0
657748,1,0
657777,2,0
657842,0,1
657865,1,0
657946,0,0
657980,2,0
658076,2,0
658175,1,0
658257,2,0
658310,2,0
658330,1,0
658407,1,0
658546,1,0
658726,2,0
658861,1,0
658996,2,0
659011,1,0
659112,1,0
659147,1,0
659205,1,0
659251,1,0
659400,1,0
659419,1,0
659454,2,0
659481,2,0
659536,1,0
659607,1,0
659637,1,0
659731,2,0
659767,1,0
659781,1,0
659792,2,0
659882,1,0
659967,1,0
660030,1,0
660047,1,0
660098,2,0
660119,1,0
660178,1,0
660197,1,0
660294,1,0
660349,2,0
660376,1,0
660395,1,0
660436,1,0
660457,1,0
660554,1,0
660684,1,0
660768,1,0
660922,1,0
660958,1,0
661035,2,0
661050,1,0
661054,1,0
661069,2,0
661088,1,0
661118,1,0
661150,1,0
661193,1,0
661274,1,0
661321,1,0
661411,1,0
661442,2,0
661451,1,0
661469,1,0
661487,1,0
661502,1,0
661546,2,0
661587,2,0
661708,1,0
661744,1,0
662022,1,0
662045,0,1
662164,2,0
662166,1,0
662209,1,0
662268,1,0
662272,2,0
662380,1,0
662392,2,0
662406,1,0
662489,2,0
662521,1,0
662594,1,0
662665,1,0
662723,2,0
662750,1,0
662848,1,0
662880,1,0
662934,0,0
662936,1,0
662973,1,0
663062,1,0
663067,1,0
663072,2,0
663098,2,0
663133,1,0
663150,1,0
663213,0,1
663270,1,0
663343,1,0
663382,1,0
663402,1,0
663416,1,0
663422,1,0
663513,1,0
663514,1,0
663521,1,0
663573,0,1
663641,2,0
663659,0,1
663719,1,0
663746,2,0
663757,1,0
663897,2,0
663918,1,0
663975,2,0
664008,2,0
664034,1,0
664052,1,0
664054,1,0
664062,2,0
664084,1,0
664112,1,0
664183,2,0
664277,1,0
664379,1,0
664493,1,0
664666,1,0
664684,0,1
664705,1,0
664737,1,0
664759,2,0
664771,1,0
664799,1,0
664856,2,0
665024,2,0
665031,2,0
665100,1,0
665373,2,0
665374,2,0
665403,1,0
665454,2,0
665467,1,0
665533,2,0
665548,1,0
665645,2,0
665646,1,0
665679,1,0
665701,1,0
665763,2,0
665773,2,0
665890,1,0
666189,0,1
666222,1,0
666301,1,0
666337,1,0
666381,1,0
666417,1,0
666473,1,0
666504,1,0
666556,1,0
666572,2,0
666597,1,0
666608,1,0
666667,1,0
666680,1,0
666702,2,0
666761,2,0
666877,2,0
666878,1,0
666933,1,0
666952,1,0
667041,1,0
667117,1,0
667157,2,0
667262,1,0
667275,1,0
667293,1,0
667314,1,0
667341,1,0
667356,2,0
667398,2,0
667517,0,0
667615,2,0
667634,1,0
667678,2,0
667687,2,0
667692,1,0
667718,2,0
667767,1,0
667781,1,0
667798,2,0
667800,2,0
667860,1,0
667901,1,0
667974,1,0
668000,1,0
668020,1,0
668136,1,0
668213,1,0
668235,0,1
668253,1,0
668325,1,0
668510,1,0
668576,1,0
668599,1,0
668624,1,0
668692,1,0
668843,2,0
668865,2,0
668959,1,0
668968,0,1
668970,0,0
669028,1,0
669065,1,0
669066,1,0
669222,1,0
669368,1,0
669373,1,0
669493,2,0
669501,1,0
669810,1,0
669812,1,0
669890,1,0
669894,1,0
669978,1,0
670000,1,0
670002,2,0
670040,1,0
670131,1,0
670210,1,0
670215,1,0
670230,2,0
670289,2,0
670294,1,0
670371,2,0
670430,1,0
670606,1,0
670666,1,0
670686,2,0
670751,1,0
670817,1,0
670836,2,0
670939,0,1
670981,2,0
670985,1,0
671077,1,0
671115,1,0
671119,1,0
671173,1,0
671309,2,0
671359,2,0
671368,1,0
671383,1,0
671528,1,0
671534,1,0
671628,1,0
671639,1,0
671764,0,1
671803,1,0
671849,1,0
671906,2,0
671911,2,0
671928,1,0
671933,1,0
672039,1,0
672089,1,0
672103,1,0
672170,1,0
672236,1,0
672255,2,0
672308,1,0
672336,1,0
672391,2,0
672395,1,0
672430,1,0
672431,1,0
672570,1,0
672582,2,0
672600,1,0
672635,0,1
672649,0,1
672679,2,0
672781,1,0
672819,2,0
672893,1,0
672904,1,0
672917,2,0
673054,1,0
673061,2,0
673192,1,0
673301,1,0
673399,1,0
673401,1,0
673424,1,0
673492,0,1
673872,2,0
673934,1,0
674118,1,0
674281,1,0
674327,1,0
674372,2,0
674375,2,0
674394,1,0
674462,1,0
674497,1,0
674637,0,1
674643,2,0
674689,2,0
674738,1,0
674781,1,0
674805,1,0
674876,2,0
674923,1,0
674933,0,1
675057,1,0
675104,1,0
675106,1,0
675204,1,0
675240,2,0
675243,1,0
675385,1,0
675405,1,0
675409,1,1
675419,2,0
675442,1,0
675457,1,0
675506,0,0
675516,1,0
675535,1,0
675538,1,0
675541,1,0
675616,1,0
675651,1,0
675710,2,0
675848,1,0
675879,0,1
675936,1,0
675956,1,0
676203,1,0
676289,1,0
676371,2,0
676376,1,0
676406,1,0
676408,1,0
676409,1,0
676585,1,0
676622,1,0
676631,1,0
676639,1,0
676669,1,0
676676,2,0
676873,1,0
676877,1,0
676941,1,1
677045,1,0
677068,1,0
677141,1,0
677153,2,0
677174,1,0
677213,1,0
677217,1,0
677218,2,0
677292,2,0
677322,1,0
677329,1,0
677335,0,0
677404,1,0
677435,1,0
677513,2,0
677527,1,0
677560,1,0
677606,1,0
677669,2,0
677695,1,0
677704,1,0
677717,2,0
677751,1,0
677901,2,0
677925,2,0
677963,1,0
677976,2,0
678205,1,0
678217,2,0
678243,1,0
678284,1,0
678341,1,0
678454,1,0
678460,1,0
678493,1,0
678514,1,0
678544,2,0
678603,2,0
678616,1,0
678722,1,0
678786,2,0
678837,1,0
678858,2,0
678925,1,0
678933,1,0
678967,1,0
678991,2,0
679075,1,0
679132,2,0
679155,2,0
679253,1,0
679311,1,0
679414,2,0
679437,1,0
679485,1,0
679531,2,0
679607,1,0
679609,1,0
679623,1,0
679638,1,0
679859,2,0
679908,1,0
679994,2,0
680168,2,0
680181,1,0
680193,2,0
680304,2,0
680376,2,0
680379,1,0
680444,1,0
680445,1,0
680485,2,0
680553,2,0
680565,1,0
680569,1,0
680581,1,0
680738,1,0
680754,2,0
680839,1,0
680878,2,0
680886,1,0
680945,0,0
681032,1,0
681250,1,0
681270,1,0
681309,1,0
681328,2,0
681399,1,0
681593,2,0
681649,1,0
681722,1,0
681785,1,0
681822,1,0
681887,1,0
681921,2,0
681961,2,0
681984,1,0
682064,2,0
682103,1,0
682194,1,0
682288,1,0
682308,1,0
682337,2,0
682356,1,0
682419,1,0
682521,2,0
682528,1,0
682533,2,0
682571,1,0
682654,2,0
682707,1,0
682709,1,0
682813,1,0
682819,1,0
682826,1,0
682840,1,0
682979,1,0
682980,2,0
683126,1,0
683239,2,0
683250,2,0
683276,2,1
683288,2,0
683356,1,0
683361,2,0
683458,2,1
683470,1,0
683485,1,0
683487,1,0
683503,1,0
683550,2,0
683660,1,0
683664,2,0
683685,2,0
683699,1,0
683751,1,0
683791,1,0
683838,1,0
683875,2,0
683901,1,0
683909,0,1
683910,1,0
683920,1,0
684022,1,0
684081,2,0
684103,2,0
684123,1,1
684133,1,0
684155,1,0
684201,1,0
684296,2,0
684305,1,0
684371,1,0
684386,1,0
684491,1,0
684691,1,0
684699,2,0
684776,1,0
684826,1,0
684835,2,0
684881,1,1
684889,1,1
684934,1,0
685171,1,0
685208,1,0
685314,1,0
685346,1,0
685375,1,0
685408,1,0
685518,2,0
685533,1,0
685546,1,0
685608,1,0
685631,2,0
685653,2,0
685683,1,0
685720,1,0
685792,2,0
685982,1,0
686031,1,0
686044,1,0
686059,1,0
686196,1,0
686220,1,0
686223,0,0
686224,1,0
686232,1,0
686371,0,1
686397,0,1
686432,2,0
686471,1,0
686474,2,0
686509,0,0
686555,1,0
686561,0,1
686612,2,0
686709,1,0
686728,0,1
686769,2,0
686783,1,0
686838,1,0
687108,2,0
687170,1,0
687186,1,0
687199,1,0
687262,1,0
687401,1,0
687412,1,0
687463,1,0
687525,1,0
687533,1,0
687589,1,0
687593,2,0
687639,1,0
687748,2,0
687820,1,0
687895,1,0
687951,2,0
687962,1,0
687984,2,0
688058,1,0
688132,2,0
688139,0,1
688168,1,0
688178,1,0
688319,1,0
688410,1,0
688524,1,0
688533,1,0
688557,1,0
688615,2,0
688627,1,0
688691,1,0
688731,2,0
688748,2,0
688820,1,0
688891,0,1
688902,2,0
689000,1,1
689112,1,0
689275,1,0
689353,1,0
689389,1,0
689440,2,0
689459,1,0
689477,1,0
689818,2,0
689839,0,1
689909,1,0
689912,1,0
689981,1,0
689993,2,0
690029,2,0
690191,0,1
690199,1,0
690494,2,0
690510,2,0
690554,1,0
690563,1,0
690637,1,0
690641,2,0
690671,1,0
690776,1,0
690797,2,0
690862,1,0
690866,1,0
690890,1,0
690916,1,0
690969,1,0
690970,2,0
690971,1,0
690984,2,0
691077,0,1
691220,1,0
691259,1,0
691262,2,0
691332,0,1
691365,2,0
691520,1,0
691542,1,0
691626,0,1
691645,0,1
691700,1,0
691761,1,0
691855,2,0
691909,1,0
692096,1,0
692097,2,0
692121,2,0
692129,1,0
692151,1,0
692252,1,0
692275,1,0
692291,2,0
692304,1,0
692328,1,0
692535,1,0
692628,0,0
692671,1,0
692685,1,0
692729,1,0
692741,2,0
692841,2,0
692856,0,1
692936,2,0
692992,1,0
693045,1,0
693133,1,0
693138,1,0
693196,1,0
693212,1,0
693238,1,0
693256,1,0
693295,1,0
693372,1,0
693393,2,0
693494,2,0
693528,2,0
693608,1,0
693625,1,0
693659,1,0
693665,1,0
693791,1,0
693852,1,0
693913,1,0
693922,1,0
693926,2,0
694021,0,0
694158,1,0
694168,2,0
694241,1,0
694388,1,0
694472,1,0
694497,1,0
694512,1,0
694648,2,0
694723,1,0
694743,1,0
694757,1,0
694828,1,0
694915,2,0
694942,1,0
695069,2,0
695076,1,0
695107,1,0
695162,2,0
695250,1,0
695342,2,0
695385,2,0
695428,2,0
695529,1,0
695564,2,0
695596,2,0
695624,1,0
695686,1,0
695755,2,0
695855,1,0
695878,1,0
695965,0,1
695978,1,0
695987,1,0
696026,2,0
696090,1,0
696096,1,0
696128,1,0
696199,1,0
696329,1,0
696431,1,0
696444,2,0
696486,1,0
696502,1,0
696504,1,0
696562,2,0
696577,0,1
696609,1,0
696732,2,0
696826,1,0
696864,1,0
696897,0,1
697029,1,0
697079,2,0
697091,1,0
697162,0,1
697169,1,0
697272,1,0
697323,2,0
697356,2,0
697393,2,0
697477,1,0
697680,1,0
697766,1,0
697824,2,0
697837,1,0
697840,2,0
697905,1,0
697917,2,0
697962,2,0
698072,1,0
698122,1,0
698159,2,0
698180,2,0
698242,1,0
698390,1,0
698395,1,0
698443,1,0
698505,1,0
698510,1,0
698546,2,0
698573,1,0
698627,2,0
698647,1,0
698915,2,0
698932,2,0
698937,1,0
698988,1,0
699194,0,1
699220,2,0
699243,1,0
699281,2,0
699343,1,0
699397,1,0
699511,1,0
699739,1,0
699750,1,0
699751,1,0
699875,1,0
699962,1,0
700011,2,0
700096,1,0
700145,1,0
700207,1,0
700225,1,0
700245,1,0
700260,1,0
700276,1,0
700286,1,0
700335,1,0
700343,1,0
700356,2,0
700430,1,0
700474,2,0
700497,2,0
700566,0,1
700650,1,0
700705,1,0
700731,2,0
700748,1,0
700770,1,0
700871,1,0
700918,1,0
700924,1,0
700958,2,0
701012,0,0
701036,1,0
701216,1,0
701223,1,0
701235,1,0
701308,1,0
701391,1,0
701485,1,0
701617,1,0
701622,1,0
701645,0,1
701708,2,0
701732,2,0
701792,2,0
701803,1,0
701954,2,0
702005,0,0
702048,1,0
702147,2,0
702161,2,0
702257,1,0
702269,1,0
702284,1,0
702325,2,0
702327,1,0
702406,1,0
702478,1,0
702482,2,0
702493,2,0
702522,1,0
702528,1,0
702542,1,0
702588,1,0
702677,1,0
702686,0,1
702746,1,0
702800,1,0
702809,2,0
702863,1,0
702868,1,0
702884,1,0
702915,1,0
702938,2,0
703104,1,0
703109,1,0
703160,2,0
703249,2,0
703278,2,0
703338,2,0
703374,2,0
703505,1,0
703507,1,0
703621,1,0
703711,1,0
703804,1,0
703852,2,0
703882,2,0
703937,1,0
703972,2,0
704074,2,0
704112,1,0
704149,1,0
704150,1,0
704267,1,0
704270,1,0
704308,2,0
704423,1,0
704559,1,0
704600,1,0
704603,1,0
704607,2,0
704709,1,0
704835,1,0
704967,1,0
704968,1,0
705006,1,0
705020,1,0
705113,1,0
705196,1,0
705243,1,0
705262,1,0
705353,1,0
705453,1,0
705490,2,0
705496,1,0
705589,1,0
705633,2,0
705641,1,0
705756,2,0
705806,0,1
705911,1,0
705980,1,0
706007,2,0
706106,1,0
706125,1,0
706185,2,0
706199,2,0
706425,2,0
706497,1,0
706510,1,0
706628,2,0
706747,2,0
706792,1,0
706820,1,0
706876,2,0
706884,1,0
706918,1,0
706962,1,0
706970,2,1
707017,2,0
707023,1,0
707042,1,0
707114,1,0
707146,1,0
707152,2,0
707273,1,0
707276,2,0
707424,1,0
707470,1,0
707513,1,0
707557,1,0
707588,1,0
707592,0,1
707698,1,0
707699,1,0
707710,2,1
707716,1,0
707754,1,0
707762,2,0
707860,2,0
707869,1,0
707967,1,0
707974,2,0
707999,2,0
708020,1,0
708151,2,0
708160,1,0
708210,1,0
708230,1,0
708258,2,0
708271,1,0
708337,1,0
708343,1,0
708360,1,0
708373,1,0
708458,0,0
708519,1,0
708539,1,0
708555,2,0
708566,1,0
708634,1,0
708654,1,0
708692,1,0
708807,1,0
708892,1,0
708933,0,1
708982,1,0
709059,0,0
709123,1,0
709212,2,0
709238,1,0
709279,1,0
709385,1,0
709415,1,0
709472,1,0
709479,1,0
709499,1,0
709550,1,0
709566,1,0
709595,1,0
709656,0,1
709659,1,0
709724,1,0
709726,1,0
709747,1,0
709844,2,0
709869,2,0
709920,2,0
709948,1,0
709982,1,0
710003,2,1
710005,2,0
710029,1,0
710053,1,0
710069,1,0
710115,1,0
710145,2,0
710203,2,0
710255,1,0
710364,1,0
710473,2,0
710515,0,1
710598,0,0
711129,2,0
711214,1,0
711248,2,0
711263,2,0
711285,2,0
711319,2,0
711363,0,1
711490,1,0
711500,0,0
711510,1,0
711541,1,0
711552,1,0
711565,2,0
711567,1,0
711571,2,0
711577,1,0
711605,2,0
711625,1,0
711680,1,0
711775,2,0
711795,1,0
711823,1,0
711853,0,1
711864,1,0
711874,1,0
712026,1,0
712062,2,0
712114,0,1
712130,1,0
712132,2,0
712220,2,0
712236,2,0
712248,1,0
712362,2,0
712426,1,0
712521,1,0
712584,0,1
712590,0,0
712605,1,0
712636,2,0
712874,2,0
713039,2,0
713067,2,0
713085,1,0
713094,1,0
713132,1,0
713236,1,0
713257,1,0
713299,0,0
713329,1,0
713406,0,1
713423,1,0
713465,1,0
713520,2,0
713580,1,0
713636,1,0
713831,1,0
713853,1,0
713981,2,0
713998,1,0
714121,1,0
714123,1,0
714161,2,0
714163,0,0
714206,1,0
714270,1,0
714316,0,1
714379,1,0
714536,1,0
714555,1,0
714757,1,0
714825,1,0
714840,2,0
714939,1,0
714944,1,0
714962,1,0
715015,1,0
715184,2,0
715255,2,0
715271,1,0
715300,1,0
715369,1,0
715462,1,0
715514,1,0
715555,2,0
715640,1,0
715645,1,0
715668,2,0
715678,1,0
715689,1,0
715764,1,0
715792,1,0
715797,2,0
715817,1,0
715947,1,0
716019,2,0
716068,1,0
716197,0,1
716236,2,0
716294,1,0
716360,1,0
716362,1,0
716371,2,0
716393,1,0
716435,2,0
716533,1,0
716548,1,0
716589,2,0
716690,1,0
716750,1,0
716785,1,0
716812,1,0
716863,1,0
716932,1,0
716948,1,0
716961,1,0
717026,1,0
717100,1,0
717150,1,0
717229,1,0
717232,1,0
717250,1,0
717308,1,0
717359,2,0
717407,1,0
717459,1,0
717521,1,0
717565,1,0
717632,1,0
717660,2,0
717700,1,0
717762,2,0
717772,2,0
717780,1,0
717806,1,0
717891,1,0
718029,1,0
718031,1,0
718199,2,0
718227,2,0
718409,1,0
718454,2,0
718491,2,0
718516,1,0
718655,0,0
718745,1,0
718752,1,0
718764,1,0
718887,1,0
718922,1,0
718962,1,0
718972,1,0
719135,1,0
719162,2,0
719192,1,0
719213,1,0
719242,1,0
719300,2,0
719383,1,0
719576,2,0
719633,2,0
719673,1,0
719706,1,0
719719,2,0
719736,1,0
719824,1,0
719850,2,0
720007,1,0
720079,2,0
720131,2,0
720146,1,0
720178,2,0
720197,1,0
720300,1,0
720465,1,0
720514,1,0
720536,2,0
720557,1,0
720626,0,0
720765,2,0
720939,1,0
721088,1,0
721225,1,0
721300,1,0
721364,2,0
721366,0,1
721372,1,0
721377,1,0
721406,1,0
721423,1,0
721437,1,0
721438,1,0
721456,2,0
721494,2,0
721639,2,0
721664,1,0
721688,1,0
721707,1,0
721713,1,0
721786,1,0
721973,1,0
721984,1,0
722003,1,0
722089,1,0
722120,1,0
722154,2,0
722169,1,0
722324,1,0
722368,1,0
722399,1,0
722518,1,0
722538,1,0
722566,1,0
722629,1,0
722976,1,0
722988,1,0
723015,1,0
723055,1,0
723061,1,0
723091,1,0
723112,1,0
723186,1,0
723208,2,0
723262,2,0
723298,1,0
723347,1,0
723390,2,0
723438,2,0
723457,0,0
723476,1,0
723591,1,0
723672,1,0
723691,1,0
723707,2,0
723715,2,0
723820,2,0
723912,0,1
723968,1,0
723969,2,0
723978,1,0
724028,1,0
724033,1,0
724071,0,1
724139,1,0
724168,1,0
724222,1,0
724272,1,0
724378,1,0
724414,1,0
724424,1,0
724435,2,0
724510,2,0
724513,2,0
724599,2,0
724626,2,0
724660,1,0
724720,1,0
724723,1,0
724781,1,0
724818,1,0
724979,1,0
724987,1,0
724989,1,0
725004,0,1
725086,1,0
725100,1,0
725120,1,0
725129,1,0
725182,1,0
725294,1,0
725326,1,0
725413,1,0
725510,1,0
725575,1,0
725580,2,0
725705,1,0
725795,1,0
725807,1,0
725835,1,0
725962,2,0
726065,1,0
726077,2,0
726139,1,0
726268,1,0
726309,2,0
726472,2,0
726499,1,0
726544,2,0
726684,1,0
726688,1,0
726701,1,0
726732,1,0
726735,2,0
726848,1,0
726873,1,0
726932,1,0
726940,2,0
726980,1,0
727047,2,0
727053,2,0
727072,2,0
727091,0,1
727095,1,0
727175,1,0
727179,2,0
727197,2,0
727348,1,0
727363,2,0
727415,1,0
727428,2,0
727446,2,0
727497,1,0
727507,1,0
727573,1,0
727595,1,0
727648,1,0
727686,2,0
727847,1,0
727873,2,0
727952,2,0
728009,2,0
728021,1,0
728043,1,0
728085,1,0
728135,2,0
728228,1,0
728302,1,0
728316,2,0
728386,2,0
728486,1,0
728563,2,0
728568,1,0
728586,0,1
728655,1,0
728679,1,0
728687,2,0
728748,1,0
728818,2,0
728837,1,0
729084,1,0
729094,1,0
729154,1,0
729161,1,0
729173,1,0
729205,1,0
729293,1,0
729394,1,0
729418,2,0
729444,2,0
729518,1,0
729537,2,0
729542,2,0
729561,0,1
729581,1,0
729677,1,0
729752,2,0
729762,0,0
729805,1,0
730008,2,0
730088,1,0
730214,1,0
730246,1,0
730370,0,1
730388,1,0
730561,2,0
730641,1,0
730715,1,0
730726,1,0
730737,1,0
730742,1,0
730748,2,0
730768,2,0
730771,1,0
730795,2,0
730901,2,0
731001,2,0
731160,1,0
731238,1,0
731254,2,0
731286,2,0
731373,2,0
731494,1,0
731510,1,0
731540,1,0
731593,1,0
731696,1,0
731819,1,0
731958,0,1
732009,1,0
732013,1,0
732081,1,0
732113,2,0
732144,1,0
732213,1,0
732231,1,0
732304,0,1
732362,1,0
732368,1,0
732377,2,0
732488,1,0
732524,1,0
732602,2,0
732606,2,0
732694,1,0
732808,1,0
732813,1,0
732862,2,0
732863,1,0
732880,2,0
733046,1,0
733096,1,0
733181,1,0
733226,2,0
733324,1,0
733338,2,0
733350,1,0
733370,1,0
733434,2,0
733467,2,0
733497,0,1
733515,2,0
733582,1,0
733601,2,0
733603,1,0
733608,1,0
733627,2,0
733658,1,0
733693,1,0
733728,1,0
733746,1,0
733889,1,0
733903,1,0
733906,1,0
733907,2,0
734035,1,0
734077,1,0
734119,2,0
734192,1,0
734224,0,1
734226,1,0
734307,1,0
734458,2,0
734459,1,0
734490,1,0
734556,2,0
734647,0,1
734727,1,0
734752,1,0
734791,0,1
734801,1,0
734824,1,0
734838,1,0
734880,1,0
734938,2,0
734952,1,0
735000,0,0
735038,1,0
735171,2,0
735263,1,0
735266,1,0
735304,1,0
735341,1,0
735515,1,0
735605,0,1
735627,1,0
735666,1,0
735676,1,0
735770,1,0
735790,1,0
735846,1,0
735964,1,0
735966,2,0
736004,2,0
736109,1,0
736219,2,0
736220,2,0
736258,2,0
736389,1,0
736414,1,0
736459,1,0
736504,1,1
736518,1,0
736615,1,0
736646,1,0
736685,1,0
736813,2,0
736829,1,0
736970,2,0
737027,2,0
737221,2,0
737451,2,0
737474,1,0
737477,1,0
737509,2,0
737519,1,0
737534,1,0
737542,1,0
737602,2,0
737604,1,1
737676,2,0
737755,1,0
737756,1,0
737764,1,0
737791,1,0
737842,1,0
737906,1,0
737940,1,0
737949,1,0
738005,1,0
738096,1,0
738141,1,0
738204,1,0
738253,2,0
738279,1,0
738320,2,0
738332,1,0
738427,1,0
738431,1,0
738432,1,0
738435,1,0
738459,1,0
738467,1,0
738473,1,0
738567,1,0
738597,1,0
738651,1,0
738652,1,0
738732,1,0
738874,2,0
738890,2,0
739005,1,0
739021,2,0
739084,1,0
739138,1,0
739227,2,0
739284,1,0
739345,1,0
739352,1,0
739513,0,0
739617,1,0
739684,2,0
739704,2,0
739767,2,0
739781,1,0
739808,1,0
739820,1,0
739933,1,0
740025,1,0
740063,1,0
740083,1,0
740090,1,0
740105,1,0
740326,2,0
740349,2,0
740407,2,0
740422,1,0
740509,2,0
740577,2,0
740603,1,0
740608,1,0
740703,1,0
740754,1,0
740762,1,0
740763,2,0
740814,1,0
740918,1,0
740992,1,0
741031,1,0
741138,1,0
741244,2,0
741313,1,0
741384,2,0
741421,1,0
741422,1,0
741428,1,0
741470,2,0
741483,1,0
741657,2,0
741677,1,0
741700,1,0
741725,2,0
741801,1,0
741842,1,0
741848,2,0
741892,1,0
741926,2,0
742002,1,0
742009,1,0
742062,1,0
742064,2,0
742281,1,0
742319,1,0
742321,2,0
742356,2,0
742359,2,0
742493,1,0
742509,1,0
742612,1,0
742666,2,0
742669,1,0
742673,2,0
742732,1,0
742749,1,0
742822,2,0
742854,1,0
742886,1,0
743001,1,0
743018,1,0
743108,2,0
743121,1,0
743241,1,0
743256,1,0
743257,2,0
743263,1,0
743320,2,0
743335,2,0
743481,2,0
743510,1,0
743610,1,0
743734,1,0
743766,0,1
743768,1,0
743798,1,0
743835,1,0
743849,1,0
743879,1,0
743953,2,0
744117,2,0
744135,1,0
744138,1,0
744181,2,0
744204,1,0
744228,2,0
744234,2,0
744304,2,0
744320,0,1
744406,0,1
744441,2,0
744528,1,0
744567,1,0
744608,1,0
744612,2,0
744675,1,0
744698,0,0
744711,0,1
744731,2,0
744746,2,0
744778,2,0
744789,0,1
744837,2,0
744860,1,0
745028,2,0
745080,2,0
745290,1,0
745336,2,0
745354,0,1
745383,0,1
745420,1,0
745454,2,0
745565,2,0
745600,1,0
745636,2,0
745668,1,0
745729,1,0
745738,1,0
745769,1,0
745792,1,0
745811,1,0
745830,1,0
745870,2,0
745901,0,1
745908,1,0
745920,1,0
745938,2,0
746031,1,0
746060,1,0
746061,1,0
746171,1,0
746226,2,0
746235,2,0
746296,1,0
746314,2,0
746377,2,0
746385,2,0
746402,1,0
746502,0,0
746520,1,0
746536,1,0
746554,1,0
746580,2,0
746677,1,0
746772,1,0
746796,2,0
746807,1,0
746837,1,0
746853,2,0
746863,2,0
747187,1,0
747227,2,0
747304,1,0
747315,1,0
747339,1,0
747395,1,0
747483,2,0
747509,2,0
747571,1,0
747578,1,0
747604,2,0
747609,2,0
747655,2,0
747668,1,0
747681,1,0
747704,1,0
747759,2,0
747816,2,0
747926,1,0
747939,1,0
747993,1,0
748019,1,0
748033,0,1
748055,1,0
748105,2,0
748174,2,0
748198,1,0
748286,1,0
748299,1,1
748586,2,0
748635,1,0
748649,1,0
748682,1,0
748701,1,0
748717,0,1
748810,1,0
748831,2,0
748890,1,0
748914,2,0
749033,1,0
749112,1,0
749212,1,0
749257,2,0
749328,1,0
749362,2,0
749418,2,0
749430,1,0
749441,1,0
749459,2,0
749566,0,1
749684,1,0
749705,2,0
749801,1,0
749817,1,0
749827,1,0
749883,1,0
749972,0,0
750130,1,0
750152,1,0
750153,2,0
750154,2,0
750162,2,0
750171,1,0
750199,1,0
750247,2,0
750280,1,0
750300,1,0
750324,1,0
750384,2,0
750454,2,0
750457,2,0
750578,2,1
750649,1,0
750665,1,1
750688,1,0
750710,1,0
750739,1,0
750776,2,0
750862,1,0
750893,2,0
750922,2,0
750955,2,0
750974,1,0
751223,1,0
751270,2,0
751351,1,0
751594,2,0
751602,1,0
751612,1,0
751616,2,1
751628,1,0
751664,1,0
751718,1,0
751779,1,0
751820,1,0
751823,1,0
751824,1,0
751829,1,0
751990,1,0
752047,0,0
752107,1,0
752140,1,0
752217,1,0
752259,1,0
752274,1,0
752331,1,0
752462,1,0
752548,2,0
752580,2,0
752609,1,0
752663,1,0
752688,1,0
752704,1,0
752729,1,0
752826,1,0
752874,1,0
752885,2,0
753038,1,0
753089,1,0
753130,2,0
753141,0,1
753149,1,0
753219,1,0
753306,2,0
753452,1,0
753456,2,0
753473,1,0
753533,1,0
753637,1,0
753814,1,0
753864,2,0
753887,1,0
753977,2,0
753987,1,0
753994,1,0
754042,1,0
754163,2,1
754175,1,0
754264,1,0
754292,1,0
754338,1,0
754416,1,0
754436,1,0
754517,1,0
754539,2,0
754599,1,0
754774,1,0
754850,2,0
754936,2,0
755014,1,0
755015,2,0
755070,1,0
755073,1,0
755082,1,0
755145,2,0
755276,1,0
755290,1,0
755337,1,0
755362,1,0
755367,1,0
755374,1,0
755406,1,0
755533,1,0
755538,1,0
755582,2,0
755668,1,0
755759,1,0
755867,1,0
755977,1,0
756043,2,0
756065,1,0
756280,2,0
756317,1,0
756341,1,0
756355,1,0
756481,1,0
756496,1,0
756515,1,0
756526,2,0
756543,1,0
756559,2,0
756592,2,0
756636,2,0
756646,1,0
756663,2,0
756668,2,0
756791,1,0
756833,1,0
756862,1,0
756867,1,0
756891,1,0
756892,1,0
756907,1,0
756928,1,0
756929,1,0
756967,1,0
756973,2,0
757010,1,0
757041,1,0
757047,1,0
757060,2,0
757127,2,0
757270,2,0
757387,1,0
757416,2,0
757420,1,0
757446,1,0
757547,1,0
757634,1,0
757691,1,0
757696,1,0
757704,2,0
757834,1,0
757879,1,0
757885,1,0
757938,1,0
758113,1,0
758165,1,0
758210,2,0
758262,1,0
758322,2,0
758328,2,0
758372,1,0
758389,1,0
758432,1,0
758635,2,0
758656,2,0
758695,1,0
758738,2,0
758789,1,0
758840,1,0
758927,2,0
759017,1,0
759093,1,0
759132,2,0
759223,1,0
759310,2,0
759311,1,0
759322,1,0
759370,1,0
759417,1,0
759518,2,0
759551,1,0
759603,0,0
759785,1,0
759847,1,0
759899,1,0
759983,2,0
759991,1,0
760061,1,0
760077,2,0
760111,1,0
760155,0,0
760158,0,1
760166,1,0
760176,1,0
760196,1,0
760424,0,1
760508,1,0
760614,2,0
760645,1,0
760672,1,0
760835,1,0
760842,1,0
760876,1,0
760975,2,0
761007,2,0
761015,1,0
761114,1,0
761150,1,0
761240,1,0
761305,2,0
761403,1,0
761423,1,0
761444,2,0
761459,1,0
761510,2,0
761600,2,0
761613,1,0
761674,1,0
761694,1,0
761966,1,0
762044,1,0
762072,1,0
762117,1,0
762255,1,0
762259,1,0
762272,1,0
762355,1,0
762389,1,0
762446,2,0
762474,2,0
762485,1,0
762562,2,0
762671,2,0
762681,1,1
762715,2,0
762951,1,0
762971,2,0
762990,2,0
763000,2,0
763061,2,0
763071,1,0
763084,1,0
763113,1,0
763132,1,0
763177,1,0
763183,1,0
763224,2,0
763241,1,0
763248,0,0
763341,1,0
763403,1,0
763406,1,0
763520,1,0
763591,1,0
763615,1,0
763618,2,0
763621,2,0
763702,1,0
763761,1,0
763797,1,0
763806,2,0
764167,1,0
764227,2,0
764302,2,0
764305,1,0
764513,1,0
764544,1,0
764555,1,0
764578,1,0
764595,1,0
764634,1,0
764703,1,0
764844,2,0
764869,1,0
764889,1,0
764896,1,0
764980,1,0
765079,1,0
765127,1,0
765202,1,0
765223,2,0
765252,1,0
765261,2,0
765293,1,0
765323,1,0
765338,2,0
765408,2,0
765428,1,0
765446,2,0
765481,1,0
765518,1,0
765542,2,0
765655,2,0
765747,1,0
765793,1,0
765877,1,0
765924,1,0
765955,1,0
765973,2,0
765989,1,0
766012,2,0
766024,1,0
766091,2,0
766262,2,0
766335,0,0
766355,0,1
766401,2,1
766530,1,0
766562,1,0
766691,2,0
766733,1,0
766766,2,0
766775,1,0
766777,1,0
766861,0,0
766886,2,0
766909,2,0
766927,1,0
766969,1,0
767006,1,0
767058,1,0
767089,1,0
767175,2,0
767331,1,0
767366,2,0
767385,1,0
767416,1,0
767428,1,0
767456,2,0
767494,2,0
767507,1,0
767534,1,0
767648,1,0
767672,1,0
767678,2,0
767728,2,0
767752,1,0
767767,0,0
767774,2,0
767857,1,0
767864,2,0
767894,1,0
767907,1,0
767908,1,0
767971,2,0
768010,1,0
768012,1,0
768030,1,0
768072,1,0
768078,1,0
768113,1,0
768255,2,0
768313,2,0
768354,1,0
768365,0,1
768415,1,0
768518,1,0
768748,1,0
768959,2,0
768996,1,0
769023,1,0
769030,1,0
769166,2,0
769346,1,0
769361,1,0
769495,2,0
769521,1,0
769560,1,0
769602,2,0
769623,1,0
769669,2,0
769709,1,0
769731,1,0
769763,1,0
769891,1,0
769976,2,0
770094,1,0
770327,1,0
770362,2,0
770452,2,0
770524,2,0
770568,0,1
770591,1,0
770634,1,0
770651,2,0
770702,2,0
770727,1,0
770759,1,0
770968,2,0
771035,1,0
771056,1,0
771133,2,0
771220,2,0
771259,2,0
771285,1,0
771307,1,0
771353,1,0
771667,1,0
771713,1,0
771753,2,0
771757,1,0
771872,0,1
771880,2,0
771901,1,0
771932,2,0
771943,1,0
771960,1,0
771976,2,0
772019,1,0
772025,0,1
772081,2,0
772152,1,0
772181,1,0
772194,1,0
772237,1,0
772362,1,0
772370,1,0
772381,1,0
772395,1,0
772397,1,0
772437,1,0
772438,1,0
772484,1,0
772532,0,1
772608,2,0
772628,1,0
772827,2,0
772834,1,0
772952,1,0
772960,1,0
773012,1,0
773019,2,0
773086,1,0
773095,0,0
773112,1,0
773219,2,0
773261,1,0
773290,1,0
773293,1,0
773364,1,0
773390,1,0
773397,1,0
773418,1,0
773546,1,0
773571,2,0
773593,2,0
773598,1,0
773648,1,0
773676,2,0
773739,0,1
773805,1,0
773844,2,0
773857,2,0
773865,1,0
773943,1,0
773973,1,0
773986,1,0
774103,1,0
774168,2,0
774226,1,0
774234,1,0
774249,2,0
774272,1,0
774275,1,0
774321,1,0
774326,1,0
774386,0,1
774724,1,0
774931,2,0
775158,2,0
775160,1,0
775170,1,0
775176,1,0
775185,1,0
775193,1,0
775304,2,0
775407,2,0
775440,1,0
775520,2,0
775562,2,0
775573,1,0
775639,1,0
775678,2,0
775724,0,1
775768,1,1
776139,1,0
776153,2,0
776187,1,0
776317,0,0
776399,2,0
776443,1,0
776453,1,0
776464,1,0
776466,2,1
776547,1,0
776613,1,0
776736,1,0
776782,2,0
776795,1,0
776830,2,0
776931,2,0
776956,0,1
777108,1,0
777118,1,0
777171,1,0
777197,1,0
777231,1,0
777300,1,0
777351,1,0
777418,2,0
777514,1,0
777531,1,0
777540,1,0
777544,2,0
777549,1,0
777561,1,0
777714,1,0
777861,2,0
777871,1,0
777875,1,0
777931,1,0
777990,1,0
778027,2,0
778030,1,0
778031,1,0
778066,1,0
778168,1,0
778310,1,0
778317,1,0
778393,1,0
778426,2,0
778590,1,0
778865,1,0
778920,1,0
778952,1,0
779046,1,0
779066,1,0
779082,0,1
779085,1,0
779106,1,0
779159,1,0
779171,1,0
779184,1,0
779211,1,0
779247,1,0
779291,1,0
779412,1,0
779427,1,0
779434,1,0
779435,0,0
779444,2,1
779468,2,0
779573,1,0
779679,1,0
779882,1,0
779929,2,0
779977,2,0
780104,2,0
780140,1,0
780150,1,0
780236,1,0
780266,2,0
780298,2,0
780389,2,0
780423,1,0
780428,1,0
780504,1,0
780525,2,0
780529,2,0
780631,2,0
780728,1,0
780855,2,0
780944,1,0
780973,1,0
780991,2,0
781052,1,0
781062,1,0
781110,1,0
781187,1,0
781219,1,0
781227,2,0
781293,2,0
781347,1,0
781354,1,0
781355,1,0
781463,1,0
781480,1,0
781495,1,0
781519,1,0
781570,1,0
781621,1,0
781647,1,0
781777,1,0
781797,1,0
781924,1,0
781963,2,0
781970,1,0
782078,2,0
782100,1,0
782124,1,0
782241,1,0
782282,1,0
782284,0,1
782318,2,0
782329,1,0
782393,0,0
782485,1,0
782503,2,0
782515,1,0
782523,2,0
782549,1,0
782596,1,0
782606,2,0
782654,2,0
782719,1,0
782804,2,0
782818,1,0
783145,1,0
783165,2,1
783255,1,0
783300,1,0
783363,2,0
783438,2,0
783515,2,0
783604,2,0
783610,2,0
783789,1,0
783791,2,0
783928,1,0
784113,1,0
784185,1,0
784271,1,1
784356,1,0
784380,2,0
784490,1,0
784537,1,0
784570,1,0
784597,2,0
784608,1,0
784710,0,1
784782,1,0
784787,2,0
784804,2,0
784838,1,0
784847,1,0
784945,1,0
784946,1,0
784962,1,0
785076,1,0
785114,0,1
785129,2,0
785185,2,0
785223,1,0
785389,2,0
785398,1,0
785738,1,0
785826,1,0
785836,1,0
785965,2,0
785992,1,0
786230,2,0
786255,1,0
786287,0,1
786330,2,0
786391,1,0
786442,1,0
786525,1,0
786613,1,0
786624,1,0
786703,1,0
786709,1,0
786710,1,0
786827,1,0
786966,2,0
787001,1,0
787018,2,0
787086,2,0
787172,2,0
787249,2,0
787276,1,0
787277,2,0
787322,2,0
787416,1,0
787472,1,0
787525,1,0
787548,1,0
787571,2,0
787606,1,0
787625,1,0
787651,2,0
787660,1,0
787763,1,0
787833,1,0
787875,1,0
787899,2,0
787911,2,0
788001,1,0
788091,1,0
788159,1,0
788217,0,0
788283,2,0
788292,1,0
788325,2,0
788332,1,0
788354,1,0
788407,2,0
788460,1,0
788515,1,0
788555,2,0
788759,1,0
788870,1,0
788947,1,0
788997,1,0
789001,1,0
789004,1,0
789052,1,0
789057,2,0
789120,1,0
789148,1,0
789149,1,0
789157,2,0
789190,1,0
789206,1,0
789288,2,0
789303,1,0
789421,2,0
789431,2,1
789444,1,0
789465,2,0
789573,1,0
789624,1,0
789797,1,0
789826,1,0
789859,1,0
789892,1,0
789932,0,0
790008,1,1
790089,1,0
790094,2,0
790123,1,0
790165,1,0
790178,1,0
790240,1,0
790287,2,0
790303,1,0
790341,1,0
790346,2,0
790366,2,0
790450,1,0
790475,0,1
790649,1,0
790734,1,0
790740,2,0
790813,1,0
790940,2,0
790943,2,0
791132,1,0
791202,1,0
791280,1,0
791282,0,1
791342,1,0
791355,1,0
791466,1,0
791678,1,0
791765,1,0
791809,1,1
791852,1,0
791978,1,0
792086,1,0
792094,2,0
792103,0,1
792229,0,0
792277,2,0
792332,1,0
792361,1,0
792383,1,0
792412,2,0
792418,1,0
792514,1,0
792695,1,0
792698,1,0
792707,1,0
792795,1,0
792873,1,0
792898,1,0
792915,1,0
792932,2,0
793094,1,0
793125,1,0
793126,0,0
793134,1,0
793154,1,0
793178,1,0
793180,2,0
793285,1,0
793318,1,0
793328,1,0
793384,1,0
793423,1,0
793473,1,0
793549,1,0
793608,2,0
793618,1,0
793619,1,0
793645,1,0
793662,1,0
793742,2,0
793761,1,0
793801,2,0
793838,1,0
793892,0,0
793904,1,0
793980,2,0
793995,1,0
794024,1,0
794136,1,0
794202,2,0
794248,0,0
794286,1,0
794323,1,0
794334,2,0
794348,2,0
794480,1,0
794496,0,1
794502,1,0
794523,1,0
794552,1,0
794602,1,0
794620,2,0
794625,2,0
794677,1,0
794723,1,0
794752,1,0
794784,1,0
794863,1,0
794951,0,1
795084,2,0
795129,1,0
795155,2,0
795174,1,0
795230,1,0
795235,2,0
795283,1,0
795446,1,0
795468,1,0
795486,1,0
795492,1,0
795512,1,0
795554,2,0
795607,2,0
795714,2,0
795743,2,0
795820,1,0
795840,0,1
795908,2,0
796099,1,0
796104,1,0
796213,1,0
796281,1,0
796347,1,0
796429,2,0
796484,1,0
796508,1,0
796541,1,0
796544,2,0
796627,0,1
796670,1,0
796692,1,0
796705,2,0
796900,1,0
796943,2,0
796990,2,0
797078,1,0
797120,2,0
797158,1,0
797187,2,0
797216,1,0
797326,0,1
797391,2,1
797398,1,0
797432,0,1
797675,1,0
797685,1,0
797704,0,1
797714,1,0
797845,1,0
797854,2,0
797897,1,0
797902,0,1
797991,1,0
797992,2,0
798029,0,1
798216,1,0
798248,1,0
798279,1,0
798351,1,0
798352,2,0
798375,1,0
798433,1,0
798525,1,0
798533,1,0
798662,1,0
798672,1,0
798708,2,0
798752,1,0
798814,1,0
798817,1,0
798832,1,0
798854,2,0
798869,2,0
798871,1,0
798881,1,0
798954,1,0
799064,2,0
799148,2,0
799157,2,0
799399,0,1
799437,1,0
799510,2,0
799622,2,0
799630,1,0
799655,1,0
799657,2,0
799690,1,0
799781,1,0
799857,1,0
799919,1,0
799967,1,0
799992,1,0
800016,1,0
800075,1,0
800094,1,0
800137,1,0
800196,2,0
800220,0,1
800268,2,0
800357,1,0
800433,2,0
800450,1,0
800481,1,0
800499,0,1
800571,1,0
800610,2,0
800726,1,0
800800,1,0
800831,1,0
800878,1,0
800923,1,0
800945,2,0
800998,2,0
801146,1,0
801176,1,0
801227,1,0
801241,2,0
801338,1,0
801368,1,0
801391,1,0
801483,1,0
801542,2,0
801607,2,0
801738,0,1
801788,1,0
801821,1,0
801832,2,0
801882,1,0
801948,2,0
801953,1,0
802002,1,0
802023,2,0
802084,2,0
802196,1,0
802200,1,0
802206,1,0
802305,1,0
802316,1,0
802336,1,0
802425,1,0
802452,1,0
802470,1,0
802478,1,0
802519,2,0
802535,0,1
802556,1,0
802621,1,0
802645,2,0
802797,1,0
802860,1,0
802870,1,0
802958,2,0
802974,2,1
803084,2,0
803150,1,0
803177,2,0
803234,1,0
803252,2,0
803357,2,0
803407,1,0
803529,1,0
803586,2,0
803587,2,0
803656,2,0
803747,1,0
803796,2,0
803830,1,0
803844,1,0
803956,1,0
803976,1,0
804137,1,0
804239,1,0
804259,1,0
804328,1,0
804368,1,0
804402,1,0
804438,1,0
804510,2,0
804521,1,0
804534,1,0
804536,1,0
804557,1,0
804710,1,0
804770,0,1
804784,2,0
804816,2,0
804890,2,0
804911,2,0
804930,1,0
805008,1,0
805013,1,0
805110,0,1
805140,1,0
805159,1,0
805170,1,0
805226,1,0
805349,1,0
805377,2,0
805431,1,0
805545,2,0
805574,1,0
805598,0,1
805816,1,0
805890,1,0
805902,2,0
805932,1,0
805977,1,0
806008,1,0
806030,2,0
806157,2,0
806168,1,0
806196,0,0
806283,1,0
806348,1,0
806598,1,0
806639,1,0
806815,1,0
806839,1,0
806850,0,0
806859,2,0
806995,1,0
807058,2,0
807074,2,0
807134,1,0
807152,1,0
807211,1,0
807256,1,0
807262,2,0
807289,1,0
807297,1,0
807553,1,0
807570,1,0
807589,1,0
807681,1,0
807769,2,0
807902,1,0
807942,2,0
807970,2,0
808005,1,0
808096,1,0
808206,1,0
808341,2,0
808353,1,0
808392,1,0
808399,0,1
808498,1,0
808524,1,0
808721,1,0
808920,2,0
809016,1,0
809024,1,0
809107,1,0
809207,1,0
809216,1,0
809218,1,0
809299,1,0
809301,2,0
809404,1,0
809449,1,0
809587,1,0
809681,1,0
809728,2,0
809733,1,0
810028,1,0
810071,1,0
810100,1,0
810257,1,0
810338,1,0
810448,1,0
810482,1,0
810503,0,0
810517,2,0
810581,1,0
810621,1,0
810668,0,1
810693,2,0
810755,1,0
810833,1,0
810899,1,0
810990,1,0
811022,2,0
811139,1,0
811140,2,0
811162,1,0
811289,1,0
811333,1,0
811335,1,0
811429,2,0
811430,2,0
811471,1,0
811567,1,0
811569,0,1
811612,2,0
811619,1,0
811684,2,0
811746,1,0
811748,2,0
811802,1,0
811959,2,0
812042,1,0
812057,1,0
812149,1,0
812152,1,0
812248,1,0
812282,1,0
812373,1,0
812417,1,0
812513,1,0
812599,1,0
812617,2,0
812628,2,0
812804,2,0
812894,1,0
812899,1,0
813320,1,0
813352,2,0
813439,1,0
813455,0,1
813520,1,0
813567,1,0
813620,1,0
813652,1,0
813681,1,0
813725,2,0
813739,1,0
813868,2,0
813931,1,0
814067,1,0
814112,1,0
814236,2,0
814490,1,0
814653,1,0
814698,1,0
814703,1,0
814748,1,0
814894,2,0
815207,0,1
815248,2,0
815328,2,0
815344,2,0
815381,2,0
815498,1,0
815541,1,0
815584,0,1
815603,2,0
815626,1,0
815643,1,0
815718,1,0
815789,1,0
815796,2,0
815804,2,0
815834,1,0
815841,0,1
815850,1,0
816110,1,0
816122,2,0
816196,1,0
816323,1,0
816330,2,0
816406,2,0
816420,1,0
816510,2,0
816593,1,0
816608,1,0
816705,1,0
816763,1,0
816881,1,0
816937,2,0
816983,1,0
817041,2,1
817066,1,0
817069,0,1
817070,1,0
817074,2,0
817102,1,0
817135,2,0
817136,1,0
817158,1,0
817168,1,0
817191,1,0
817245,1,0
817288,2,0
817298,2,0
817375,1,0
817456,1,0
817520,1,0
817527,1,0
817573,1,0
817609,1,0
817613,1,0
817714,1,0
817744,1,0
817822,1,0
817851,1,0
817932,2,0
818040,2,0
818077,1,0
818114,1,0
818271,1,0
818329,2,0
818391,2,0
818454,2,0
818484,1,0
818567,1,0
818597,1,0
818616,1,0
818864,1,0
818870,1,0
818881,0,1
818886,2,0
818940,1,0
818995,1,0
819055,1,0
819077,1,0
819149,1,0
819246,2,0
819255,2,0
819267,1,0
819315,2,0
819375,1,0
819448,2,0
819497,1,0
819498,2,0
819521,0,1
819569,1,0
819592,1,0
819664,1,0
819718,1,0
819765,1,0
819809,1,0
819842,1,0
819924,1,0
819969,1,0
820164,1,0
820187,2,0
820204,1,0
820223,1,0
820265,2,0
820341,1,0
820344,2,0
820370,2,0
820406,1,0
820454,1,0
820501,1,0
820541,1,0
820542,1,0
821010,1,0
821043,1,0
821117,1,0
821137,1,0
821202,1,0
821216,1,0
821296,1,0
821314,1,0
821325,2,0
821379,1,0
821404,2,0
821419,2,0
821462,2,0
821515,0,1
821705,2,0
821712,2,0
821739,1,0
821820,1,0
821918,1,0
821944,2,0
822051,1,0
822066,1,0
822102,1,0
822122,1,0
822205,2,0
822211,1,0
822305,1,0
822507,1,0
822555,1,0
822653,2,0
822665,1,0
822694,1,0
822696,1,0
822723,2,0
822727,1,0
822749,1,0
822765,1,0
822811,1,0
822901,2,0
822956,1,0
822995,1,0
823048,2,0
823112,1,0
823113,1,0
823208,1,0
823212,2,0
823257,2,0
823319,2,0
823436,2,0
823453,1,0
823567,1,0
823590,1,0
823628,2,0
823663,2,0
823665,1,0
823740,1,0
823761,1,0
823768,1,0
823789,1,0
823816,1,0
823986,2,0
823998,1,0
824076,2,0
824133,1,0
824163,1,0
824216,1,0
824259,1,0
824315,1,0
824351,1,0
824360,1,0
824414,2,0
824462,1,0
824486,1,0
824610,1,0
824668,1,0
824712,1,0
824906,1,0
824917,1,0
824990,1,0
825165,2,0
825217,1,0
825239,1,0
825254,2,0
825315,1,0
825333,1,0
825336,1,0
825464,0,0
825465,1,0
825484,1,0
825490,1,0
825517,1,1
825569,1,0
825593,1,1
825730,2,0
825809,0,1
825920,2,0
826113,0,0
826136,1,0
826149,1,0
826166,2,0
826230,2,0
826271,2,0
826304,1,0
826312,2,0
826556,2,0
826589,1,0
826697,2,0
826930,2,0
826975,2,0
826984,2,0
827147,1,0
827164,1,0
827172,1,0
827190,1,0
827194,0,1
827215,1,0
827275,2,0
827288,0,1
827309,1,0
827334,1,0
827339,1,0
827353,2,1
827546,1,0
827668,2,0
827677,2,1
827731,1,0
827790,0,1
827815,2,0
827819,1,0
828026,2,0
828040,2,0
828076,1,0
828109,0,1
828136,1,0
828182,1,0
828232,1,0
828328,2,0
828353,1,0
828481,1,0
828643,1,0
828731,1,0
828735,1,0
828776,2,0
828816,1,0
828817,1,0
828852,1,0
828862,2,0
828884,2,0
828895,1,0
828918,1,0
828924,2,0
828959,1,0
828967,1,0
828988,1,0
829003,1,0
829162,1,0
829263,1,0
829291,1,0
829316,2,0
829476,1,0
829505,1,0
829588,1,0
829627,1,0
829663,1,0
829684,1,0
829861,1,0
829863,2,0
829886,1,0
830024,1,0
830071,2,0
830171,1,0
830223,1,0
830225,1,0
830385,1,0
830394,2,0
830446,1,0
830503,1,0
830547,2,0
830564,1,0
830673,2,0
830743,2,0
830777,1,0
830811,1,0
830818,1,0
830836,2,0
830903,2,0
830931,1,0
830975,2,0
831035,1,0
831087,1,0
831180,1,0
831253,1,0
831341,2,0
831404,1,0
831424,2,0
831442,1,0
831545,0,1
831644,2,0
831693,2,0
831696,1,0
831780,2,0
831797,0,1
831812,1,0
831829,1,0
831854,0,1
831860,1,0
831928,2,0
831948,1,0
831964,1,0
831987,2,0
832046,2,0
832062,1,0
832155,2,0
832301,1,0
832367,1,0
832431,1,0
832566,1,0
832597,1,0
832625,1,0
832663,1,0
832665,1,0
832745,1,0
832810,2,0
832864,1,0
832921,1,0
832983,0,1
833024,1,0
833052,1,0
833148,2,0
833165,2,0
833169,2,0
833197,1,0
833221,2,0
833233,1,0
833305,1,0
833317,1,0
833322,1,0
833397,1,0
833436,1,0
833547,2,0
833569,1,0
833576,1,0
833627,2,0
833679,1,0
833683,1,0
833701,1,0
833704,1,0
833728,1,0
833754,2,0
833765,1,0
833783,1,0
833793,1,0
833801,1,0
833844,1,0
833891,1,0
833998,1,0
834012,2,0
834063,2,0
834066,1,0
834081,1,0
834120,1,0
834270,1,0
834286,1,0
834304,1,0
834306,1,0
834453,1,0
834522,2,0
834523,1,0
834537,2,0
834544,1,0
834550,1,0
834571,1,0
834576,1,0
834615,1,0
834726,0,1
834733,1,0
834760,1,0
834790,2,0
834799,1,0
834891,2,0
834943,1,0
835009,1,0
835062,1,0
835133,2,0
835149,1,0
835240,2,0
835295,2,0
835377,1,0
835440,1,0
835484,2,0
835491,1,0
835508,2,0
835566,2,0
835683,1,0
835693,1,0
835760,1,0
835764,1,0
835779,1,0
835785,1,0
835796,1,0
835920,0,1
835973,1,0
835975,2,0
836112,1,0
836226,0,0
836295,2,0
836343,1,0
836374,1,0
836405,1,0
836443,1,0
836475,1,0
836486,1,0
836523,1,0
836550,1,0
836603,2,0
836622,1,0
836665,1,0
836706,1,0
836713,2,0
836720,0,1
836964,1,0
836984,2,0
837012,1,0
837031,1,0
837175,1,0
837215,1,0
837237,1,0
837269,1,0
837273,2,0
837327,2,0
837360,1,0
837408,2,0
837517,2,0
837526,2,0
837580,2,0
837615,2,0
837628,1,0
837641,1,0
837646,1,0
837704,2,0
837705,1,0
837733,1,0
837810,1,0
837833,1,0
837932,1,0
838008,1,0
838032,2,0
838160,1,0
838232,1,0
838263,2,1
838270,1,0
838283,1,0
838482,1,0
838553,2,0
838584,1,0
838589,2,0
838634,1,0
838650,1,0
838657,1,0
838771,1,0
838784,2,0
838845,2,0
838881,1,0
838885,1,0
838938,2,0
838993,2,0
839115,1,0
839132,0,1
839263,1,0
839295,2,0
839328,1,0
839356,1,0
839362,1,0
839412,2,0
839422,1,0
839461,2,0
839494,0,1
839527,1,0
839579,2,0
839659,1,0
839694,1,0
839748,1,0
839967,1,0
840008,0,1
840021,1,0
840038,1,0
840059,1,0
840071,1,0
840088,1,0
840120,1,0
840135,2,0
840184,0,1
840262,1,0
840267,1,0
840326,1,0
840376,1,0
840481,1,0
840515,1,0
840659,2,0
840667,1,0
840741,2,0
840866,1,0
840882,1,0
840984,1,0
841204,1,0
841219,1,0
841249,1,0
841296,2,0
841324,2,0
841369,1,0
841373,1,0
841437,1,0
841456,1,0
841631,1,0
841636,1,0
841674,0,0
841677,1,0
841770,2,0
841916,1,0
841948,1,0
841957,2,0
842047,2,0
842049,1,0
842054,1,0
842064,2,0
842066,1,0
842190,2,0
842210,2,0
842236,1,0
842279,1,0
842379,1,0
842390,1,0
842405,1,0
842523,2,0
842527,1,0
842582,1,0
842641,1,0
842770,1,0
842793,1,0
842835,2,0
842848,2,0
842855,1,0
842959,1,0
842980,2,0
842982,1,0
843037,1,0
843101,2,0
843158,0,1
843212,1,0
843233,1,0
843378,1,0
843642,1,0
843665,1,0
843672,2,0
843737,2,0
843816,2,0
843836,1,0
843919,2,0
843972,1,0
844046,2,0
844125,1,0
844145,2,0
844152,1,0
844193,1,0
844222,2,0
844348,1,0
844477,2,0
844479,1,0
844540,1,0
844556,2,0
844582,1,0
844641,1,0
844677,1,0
844749,1,0
844834,0,0
844949,2,0
844959,1,0
845041,1,0
845061,1,0
845176,1,0
845180,2,0
845227,1,0
845273,1,0
845275,1,0
845319,1,0
845435,1,0
845488,1,0
845580,1,0
845613,2,0
845684,1,0
845699,1,0
845782,1,0
845807,1,0
845819,1,0
845820,2,0
845864,1,0
845945,1,0
845947,1,0
845994,2,0
846033,2,0
846046,1,0
846055,1,1
846119,1,0
846125,1,0
846194,1,0
846215,2,0
846243,1,0
846277,1,0
846291,1,0
846313,1,0
846374,1,0
846458,1,0
846515,1,0
846717,2,0
846718,2,0
846732,1,0
846796,1,0
846864,1,0
846950,1,0
846953,1,0
847136,1,0
847183,1,0
847283,2,0
847312,0,1
847357,1,0
847359,1,0
847502,2,0
847559,1,0
847579,1,0
847601,0,0
847609,1,0
847704,1,0
847724,1,0
847771,1,0
847772,1,0
847938,2,0
848003,1,0
848159,1,0
848185,1,0
848248,1,0
848250,1,0
848498,2,0
848562,1,0
848574,2,0
848615,2,0
848632,1,0
848694,2,0
848736,1,0
848804,1,0
848973,1,0
848998,1,0
849105,0,1
849178,1,0
849298,1,0
849330,1,0
849415,1,0
849425,1,0
849510,1,0
849549,1,0
849569,2,0
849587,1,0
849589,1,0
849616,2,0
849673,1,0
849705,1,0
849813,2,0
849884,1,0
850034,1,0
850092,1,0
850123,1,0
850170,1,0
850245,1,0
850359,1,0
850414,1,0
850418,1,0
850694,1,0
850721,1,0
850821,1,0
850828,1,0
850953,1,0
851021,2,0
851130,1,0
851231,1,0
851255,1,0
851370,2,0
851390,0,1
851421,1,0
851499,0,0
851549,1,0
851562,1,0
851563,1,0
851830,1,0
851836,1,0
851845,2,0
851871,1,0
851901,1,0
851931,1,0
851979,2,0
851981,1,0
851982,1,0
851986,1,0
852006,1,0
852012,2,0
852094,1,0
852253,1,0
852310,1,0
852323,1,0
852392,1,0
852394,1,0
852520,1,0
852571,1,0
852572,2,0
852573,1,0
852597,1,0
852629,2,0
852786,2,0
852855,1,0
852863,1,0
852995,1,0
853003,2,0
853037,2,0
853039,1,0
853232,2,0
853266,1,0
853272,1,0
853417,1,0
853421,2,0
853438,1,0
853540,1,0
853565,2,0
853603,1,0
853608,1,0
853621,2,0
853641,1,0
853704,1,0
853826,1,0
853871,1,0
853894,1,0
853957,1,0
854077,1,0
854243,1,0
854249,1,0
854610,1,0
854704,1,0
854709,1,0
854742,2,0
854812,1,0
854831,1,0
854835,2,0
854855,2,1
854884,0,0
854902,1,0
854969,0,0
854998,1,0
855007,1,0
855026,1,0
855050,1,0
855153,2,0
855190,0,0
855198,1,0
855261,1,0
855351,2,0
855372,1,0
855381,2,0
855383,1,0
855384,1,0
855394,2,0
855400,1,0
855451,1,0
855506,1,0
855510,2,0
855530,1,0
855559,1,0
855602,0,0
855635,1,0
855721,1,0
855883,1,0
855922,1,0
855981,2,0
855998,2,0
856074,1,0
856229,0,1
856348,1,0
856364,1,0
856406,1,0
856483,1,0
856496,2,0
856502,1,0
856609,0,1
856654,1,0
856667,1,0
856705,1,0
856782,1,0
856818,2,0
856830,1,0
856942,1,0
857159,1,0
857161,1,0
857219,2,0
857235,2,0
857247,1,0
857292,1,0
857353,1,0
857481,1,0
857497,1,0
857516,1,0
857538,1,1
857619,1,0
857629,1,0
857682,1,0
857708,1,0
857771,2,0
857814,1,0
857845,1,0
857878,0,1
857912,0,1
857914,1,0
857942,1,0
857946,1,0
857949,2,0
857971,1,0
858013,2,0
858106,1,0
858125,2,1
858196,1,0
858222,2,0
858228,2,0
858266,1,0
858294,1,0
858341,1,0
858352,1,0
858417,1,0
858427,2,0
858445,1,0
858453,1,0
858557,1,0
858563,1,0
858626,1,0
858667,1,0
858669,1,0
858674,1,0
858802,1,0
858814,2,0
858817,2,0
858957,1,0
858961,1,0
859144,2,0
859176,1,0
859196,2,0
859218,2,0
859258,2,0
859343,2,0
859508,2,0
859516,1,0
859549,1,0
859553,2,0
859730,1,0
859821,1,0
859871,2,0
859957,1,0
859972,1,0
860017,1,0
860032,1,0
860099,2,0
860172,1,0
860206,1,0
860528,2,0
860553,2,0
860602,1,0
860657,1,0
860684,1,0
860724,1,0
860809,1,0
860848,1,0
860980,1,0
861058,1,0
861079,2,0
861095,1,0
861104,1,0
861156,1,0
861162,1,0
861191,1,0
861330,1,0
861336,1,0
861415,1,0
861470,2,0
861480,2,0
861558,1,0
861629,2,0
861669,1,0
861675,1,0
861696,1,0
861700,1,0
861867,2,0
861877,1,0
861879,1,0
861917,2,0
861924,1,0
862096,1,0
862097,1,0
862100,1,0
862159,1,0
862212,1,0
862258,1,0
862543,2,0
862576,1,0
862659,1,0
862932,2,0
862979,0,1
863019,1,0
863035,1,0
863070,1,0
863093,2,0
863108,1,0
863122,1,0
863219,1,0
863223,1,0
863259,1,0
863262,1,0
863280,1,0
863349,1,0
863374,2,0
863384,1,0
863392,2,0
863432,1,0
863459,1,0
863490,2,0
863516,1,0
863599,1,0
863626,1,0
863744,1,0
863751,1,0
863809,2,0
863884,1,0
863942,2,0
864084,1,0
864128,1,0
864161,1,0
864288,1,0
864318,1,0
864324,1,0
864327,1,0
864456,1,0
864485,1,0
864806,1,0
864845,1,0
864967,1,0
865066,2,0
865198,1,0
865213,2,0
865352,2,0
865401,1,0
865406,1,0
865411,2,0
865429,1,1
865494,2,0
865654,1,0
865727,0,1
865737,2,0
865759,1,0
865798,2,0
865803,1,0
865855,1,0
865977,1,0
866073,1,0
866168,1,0
866242,1,0
866295,2,0
866302,1,0
866307,1,0
866362,1,0
866403,1,0
866417,2,0
866455,1,0
866501,2,0
866604,1,0
866606,1,0
866701,1,0
866815,2,0
866983,1,0
866995,2,0
867046,2,0
867056,1,0
867070,2,0
867112,1,0
867284,2,0
867289,1,0
867301,1,0
867327,1,0
867446,2,0
867472,1,0
867532,1,0
867561,2,0
867624,1,0
867757,1,0
867780,1,0
867801,1,0
867833,1,0
867840,2,0
868025,1,0
868037,1,0
868152,1,0
868154,1,0
868161,1,0
868230,1,0
868250,1,0
868327,2,0
868552,2,0
868568,1,0
868659,2,0
868719,1,0
868744,1,0
868767,1,0
868830,2,0
868912,1,0
868926,2,0
869116,1,0
869133,1,0
869164,1,0
869190,1,0
869226,1,0
869265,1,0
869276,1,1
869283,2,0
869284,1,0
869471,1,0
869504,1,0
869672,0,1
869712,2,0
869743,2,0
869799,1,0
869804,1,0
869971,1,0
870022,1,0
870039,1,0
870045,1,0
870120,1,0
870169,0,1
870203,1,0
870223,2,0
870281,1,0
870522,1,0
870574,1,0
870687,1,0
870764,1,0
870857,1,0
870960,2,0
870998,1,0
871022,0,1
871045,1,0
871074,1,0
871094,1,0
871124,1,0
871145,1,0
871188,2,0
871203,1,0
871206,1,0
871219,1,0
871287,1,0
871329,2,0
871380,0,1
871445,1,0
871455,2,0
871606,1,0
871627,2,0
871739,2,0
871740,2,0
871972,1,0
871980,1,0
872069,2,0
872079,2,0
872158,2,0
872234,1,0
872297,2,0
872315,2,0
872335,1,0
872340,2,0
872341,2,0
872408,2,0
872619,1,0
872669,2,0
872676,1,0
872706,2,0
872752,2,0
872774,1,0
872814,1,0
872932,1,0
872946,1,0
873022,1,0
873045,1,0
873116,1,0
873169,1,0
873177,1,0
873180,2,0
873297,2,0
873415,1,0
873426,2,0
873436,1,0
873458,1,0
873468,1,0
873488,1,0
873498,1,0
873551,0,1
873554,1,0
873578,2,0
873579,1,0
873761,1,0
873886,1,0
873945,1,0
873965,2,0
873977,1,0
874035,2,0
874044,1,0
874104,1,0
874158,2,0
874161,0,1
874184,1,0
874267,1,0
874336,1,0
874363,2,0
874374,1,0
874415,2,0
874589,2,0
874601,2,0
874612,2,0
874614,1,0
874780,1,0
874842,1,0
874876,0,1
874937,2,0
874938,2,0
874939,1,0
874984,1,0
875086,2,0
875212,1,0
875232,1,0
875473,1,0
875483,1,0
875485,2,0
875560,0,1
875657,1,0
875707,1,0
875789,2,0
875796,2,0
875819,0,1
876006,1,0
876057,1,0
876062,1,1
876083,1,0
876207,1,0
876232,1,0
876243,2,0
876254,1,0
876269,1,0
876319,1,0
876326,1,0
876409,1,0
876426,1,0
876538,1,0
876569,1,0
876755,1,0
876757,2,0
876765,2,0
876850,1,0
877008,0,1
877034,2,0
877101,1,0
877124,1,0
877152,2,0
877242,1,0
877251,1,0
877346,2,0
877352,2,0
877384,1,0
877419,1,0
877488,1,0
877595,1,0
877603,1,0
877609,1,0
877630,1,0
877654,1,0
877730,1,0
877945,1,0
878240,1,0
878281,1,0
878284,2,0
878327,2,0
878388,1,0
878510,2,0
878518,2,0
878568,1,0
878575,1,0
878582,1,0
878633,1,0
878653,1,0
878816,2,0
878909,1,0
878929,1,0
879036,1,0
879177,1,0
879185,1,0
879260,2,0
879265,1,0
879416,2,0
879462,1,0
879506,1,0
879542,1,0
879600,2,0
879601,1,0
879638,2,0
879787,1,0
879812,2,0
879844,1,0
879892,2,0
879904,1,0
879964,0,1
880033,1,0
880065,1,0
880099,2,0
880205,1,0
880402,1,0
880406,1,0
880436,1,0
880505,1,0
880580,2,0
880619,2,0
880681,0,1
880709,2,0
880740,1,0
880805,0,1
880849,1,0
880897,2,0
880948,1,0
881000,1,0
881001,1,0
881106,2,0
881142,2,0
881156,2,0
881157,1,0
881198,1,0
881304,1,0
881362,1,0
881399,2,0
881413,1,0
881428,2,0
881584,0,1
881628,2,0
881741,2,0
881749,1,0
881818,1,0
881828,1,0
881846,1,0
881871,1,0
881943,1,0
881983,1,0
882024,2,0
882025,1,0
882044,1,0
882084,2,0
882263,1,0
882353,1,0
882409,1,0
882443,2,0
882466,1,0
882544,1,0
882590,1,1
882718,1,0
882725,1,0
882874,2,0
882911,1,0
883002,1,0
883025,2,0
883055,1,0
883056,2,0
883065,1,0
883155,1,0
883174,1,0
883212,1,0
883230,1,0
883242,2,0
883255,1,0
883349,2,0
883376,0,1
883468,2,0
883489,1,0
883505,2,0
883574,1,0
883606,2,0
883660,1,0
883693,2,0
883702,1,0
883755,1,0
883773,2,0
883816,1,0
883841,1,0
883852,1,0
883916,2,0
883963,1,0
883968,1,0
884040,1,0
884062,1,0
884088,1,0
884089,1,0
884433,1,0
884505,1,0
884522,1,0
884530,2,0
884570,2,0
884611,2,0
884654,2,0
884691,1,0
884708,1,0
884844,1,0
884875,1,0
884909,1,0
884992,2,0
885007,1,0
885176,2,0
885210,2,0
885274,1,0
885357,1,0
885386,2,0
885474,1,0
885480,1,0
885497,0,1
885682,1,0
885723,1,0
885739,1,0
885763,1,0
885848,1,0
885871,1,0
885888,1,0
885933,1,0
886086,1,0
886127,1,0
886227,2,0
886299,1,0
886361,2,0
886439,1,0
886677,1,0
886764,2,0
886803,2,0
886876,2,0
887026,2,0
887069,2,0
887117,2,0
887192,2,0
887209,1,0
887228,1,0
887266,1,0
887328,1,0
887464,2,0
887511,2,0
887605,2,0
887609,0,1
887705,2,0
887730,1,0
887748,1,0
887892,1,0
887995,1,0
888049,1,0
888115,1,0
888131,2,0
888291,1,0
888297,1,0
888316,2,0
888357,1,0
888404,2,0
888417,1,0
888430,2,0
888506,1,0
888649,1,0
888901,2,0
889023,2,0
889061,1,0
889501,2,0
889525,2,0
889569,1,0
889671,1,0
889687,1,0
889697,1,0
889786,1,0
889796,1,0
889964,2,0
890051,1,0
890232,2,0
890361,2,0
890395,1,0
890404,2,0
890437,1,0
890447,1,0
890543,1,0
890595,1,0
890617,1,0
890646,2,0
890650,2,0
890673,2,0
890702,1,1
890753,1,0
890839,2,0
890882,2,0
890936,1,0
891012,1,0
891046,0,1
891097,1,0
891105,2,0
891128,1,0
891179,1,0
891218,2,0
891233,2,0
891237,1,0
891335,1,0
891413,1,0
891516,2,0
891604,1,0
891647,1,0
891696,1,0
891727,1,0
891790,1,0
891810,1,0
891903,2,0
891927,2,0
891931,0,1
892000,2,0
892022,1,0
892066,2,0
892068,1,0
892079,1,0
892199,1,0
892219,1,0
892227,1,0
892258,1,0
892273,2,0
892502,1,0
892517,2,0
892556,2,0
892616,1,0
892630,2,0
892632,1,0
892639,2,0
892701,1,0
892723,1,0
892797,1,0
892967,1,0
892994,1,0
893040,2,0
893057,1,0
893120,2,0
893127,2,0
893266,1,0
893294,1,0
893375,1,0
893376,2,0
893427,2,0
893549,1,0
893555,2,0
893574,2,0
893632,1,0
893661,1,0
893725,1,0
893771,1,0
893789,1,0
893863,1,0
893866,0,1
893909,1,0
894041,1,0
894048,1,0
894099,2,0
894111,1,0
894175,1,0
894322,2,0
894340,1,0
894436,1,0
894448,1,0
894466,1,0
894478,1,0
894532,0,1
894608,1,0
894620,1,0
894691,2,0
894724,2,0
894788,1,0
894799,1,0
894919,1,0
895080,2,0
895085,1,0
895180,2,0
895185,1,0
895267,1,0
895346,1,0
895433,1,0
895451,1,0
895537,1,0
895544,1,0
895560,1,0
895601,1,0
895651,1,0
895684,1,0
895725,1,0
895778,2,0
895821,2,0
895878,1,0
895921,1,0
895972,1,0
895994,2,0
896075,1,0
896095,1,0
896283,0,1
896331,1,0
896372,2,0
896592,1,0
896651,2,0
896685,2,0
896790,1,0
896792,1,0
896853,1,0
896861,1,1
896947,1,0
896951,1,0
897229,1,0
897293,1,0
897387,1,0
897545,2,0
897673,2,0
897716,1,0
897728,2,0
897734,2,0
897772,1,1
897835,1,0
897904,1,0
898000,1,0
898119,2,0
898122,0,1
898149,1,0
898162,1,0
898229,1,0
898417,1,0
898423,1,0
898427,0,1
898437,1,0
898438,1,0
898495,1,0
898514,2,0
898552,1,0
898587,2,0
898630,1,0
898698,1,0
898787,1,0
898788,1,0
898887,2,0
899009,1,0
899271,2,0
899287,1,0
899509,1,0
899543,2,0
899592,1,0
899734,2,0
899760,1,0
899825,1,0
899871,1,0
899883,2,0
899958,1,0
900083,1,0
900133,1,0
900151,1,0
900325,2,0
900331,2,0
900359,2,0
900460,1,0
900501,1,0
900505,1,0
900726,1,0
900753,2,0
900795,1,0
900801,2,0
900853,1,0
900894,1,0
900977,2,0
901002,0,0
901049,2,0
901231,1,0
901442,1,0
901461,2,0
901478,2,0
901520,1,0
901550,1,0
901578,2,0
901582,2,0
901690,1,0
901747,1,0
901758,1,0
901775,1,0
901780,1,0
901819,1,0
901857,2,0
901887,2,0
901954,1,0
901978,2,0
901987,1,0
902015,1,0
902040,1,0
902083,1,0
902148,1,0
902192,1,0
902200,2,0
902241,1,0
902277,0,1
902298,1,0
902421,2,0
902515,1,0
902555,2,0
902562,1,0
902608,1,1
902634,2,0
902679,1,0
902690,1,0
902693,1,0
902742,2,0
902833,2,0
902852,1,0
902966,1,0
902993,2,0
903006,1,0
903146,1,0
903209,1,0
903290,1,0
903327,1,0
903359,1,1
903379,1,0
903496,1,0
903534,1,0
903641,0,1
903648,1,0
903679,2,0
903797,1,0
904114,1,0
904283,1,0
904300,1,0
904304,1,0
904317,2,0
904367,1,0
904370,2,0
904378,1,0
904397,2,1
904410,2,0
904501,1,0
904512,2,0
904602,1,0
904669,1,0
904693,1,0
904704,1,0
904736,1,0
904741,1,0
904802,2,0
904805,1,0
904920,1,0
904974,2,0
904992,0,1
905161,2,0
905180,1,0
905213,1,0
905288,2,0
905320,1,0
905360,0,1
905469,2,0
905478,1,0
905497,2,0
905569,1,0
905634,1,0
905787,1,0
905806,1,0
905854,1,0
905907,1,0
905909,1,0
906158,1,0
906178,1,0
906217,2,0
906262,1,0
906267,1,0
906274,2,0
906316,1,0
906346,1,0
906396,1,0
906428,0,1
906468,1,0
906564,2,0
906615,1,0
906623,1,0
906715,0,1
906780,1,0
906826,1,0
906836,1,0
906848,1,0
906852,1,0
906884,2,0
906946,2,0
907015,2,0
907025,1,0
907038,2,0
907077,1,0
907157,1,0
907209,1,0
907252,1,0
907324,2,0
907544,1,0
907595,2,0
907636,1,0
907743,2,0
907858,1,0
907934,1,0
907945,2,0
907950,1,0
908006,0,1
908120,1,0
908123,1,0
908201,2,0
908246,1,0
908248,2,0
908301,2,0
908374,1,0
908404,1,0
908519,1,0
908580,1,0
908643,1,0
908728,1,0
908729,1,0
908759,1,0
908801,2,0
908844,1,0
908882,2,0
908994,2,0
909020,1,0
909066,2,0
909068,0,1
909075,0,0
909106,2,0
909134,1,0
909238,0,1
909242,1,0
909260,1,0
909262,1,0
909328,1,0
909385,1,0
909476,1,0
909483,2,0
909503,1,0
909543,1,0
909547,0,0
909677,1,0
909727,0,1
909800,1,0
909845,2,0
909854,2,0
909880,2,0
910028,2,0
910056,1,0
910092,2,0
910093,2,0
910142,1,0
910157,2,0
910336,2,0
910373,2,0
910391,1,0
910416,2,0
910492,2,0
910576,1,0
910645,2,0
910716,1,0
910809,2,0
910875,1,0
910969,1,0
911003,1,0
911089,1,0
911372,1,0
911503,1,0
911525,1,0
911585,1,0
911655,1,0
911663,1,0
911668,1,0
911723,2,0
911744,0,0
911812,1,0
911852,2,0
911906,1,0
911920,1,0
911971,1,0
912064,1,0
912128,1,0
912220,2,0
912252,1,0
912293,1,0
912352,2,0
912396,1,0
912420,1,0
912539,1,0
912588,1,0
912633,0,1
912712,1,0
912757,1,0
912797,1,0
912864,1,0
912939,2,0
912940,2,0
912957,1,0
912984,2,0
913060,1,0
913153,2,0
913156,1,0
913233,1,0
913340,1,0
913449,1,0
913522,1,0
913571,1,0
913721,1,0
913809,2,0
913866,1,0
913895,1,0
913949,1,0
913981,1,0
914044,1,0
914074,2,0
914088,1,0
914152,1,0
914255,2,0
914316,1,0
914352,2,0
914368,1,0
914514,2,0
914609,1,0
914799,0,1
914920,2,0
914937,1,0
914959,2,0
915009,2,0
915147,1,0
915156,1,0
915164,2,0
915194,1,0
915198,1,0
915243,2,0
915286,1,0
915287,2,0
915439,1,0
915571,1,0
915638,1,0
915846,1,0
915902,2,0
915927,2,0
915933,1,0
915948,1,0
916000,1,0
916003,2,0
916020,1,0
916131,1,0
916269,1,0
916300,1,0
916317,2,0
916358,1,0
916478,0,1
916594,1,0
916634,2,0
916713,1,0
916843,1,0
916851,1,0
916880,1,0
917191,1,0
917192,1,0
917346,1,0
917352,2,0
917423,1,0
917585,1,0
917610,1,0
917630,1,0
917685,1,0
917725,1,0
917779,1,0
917798,1,0
917870,2,0
917972,1,0
917983,1,0
917998,1,0
918017,2,0
918021,1,0
918042,1,0
918048,1,0
918053,1,0
918112,1,0
918163,1,0
918272,1,0
918276,1,0
918326,1,0
918341,1,0
918350,2,0
918397,2,0
918404,2,0
918478,1,0
918479,1,0
918564,1,0
918631,1,0
918756,1,0
918807,1,0
918964,2,0
918984,1,0
919055,2,0
919117,1,0
919285,1,0
919329,1,0
919338,2,0
919340,1,0
919437,1,0
919463,2,1
919506,2,0
919557,1,0
919668,1,0
919748,1,0
919818,1,0
919823,1,0
919832,0,0
919888,0,1
919889,1,0
919894,1,0
919922,2,0
919951,1,0
920068,2,0
920100,1,0
920102,2,0
920118,1,0
920145,1,0
920162,1,0
920171,2,0
920175,1,1
920197,2,0
920211,0,1
920321,1,0
920326,0,1
920545,1,0
920637,1,0
920657,2,0
920716,0,1
920792,1,0
920840,1,0
920954,0,0
920966,1,0
921059,2,0
921102,1,0
921130,1,0
921191,2,0
921278,1,0
921298,1,0
921357,1,0
921375,1,0
921392,2,0
921403,2,0
921410,2,0
921489,1,0
921530,2,0
921563,1,0
921624,2,0
921705,1,0
921746,2,1
921776,0,0
921777,1,0
921886,1,0
921899,1,0
921903,2,0
922000,1,0
922047,1,0
922161,1,0
922188,1,0
922206,1,0
922210,1,0
922347,1,0
922351,1,0
922388,1,0
922484,1,0
922614,0,1
922634,1,0
922665,2,0
922703,2,0
922741,2,0
922786,1,0
922815,1,0
922926,1,0
923041,1,0
923062,1,0
923108,1,0
923164,1,0
923201,1,0
923234,1,0
923268,0,1
923293,1,0
923333,1,0
923336,1,0
923406,1,0
923527,1,0
923560,1,0
923680,1,0
923761,1,0
923766,2,0
923799,1,0
923959,1,0
924031,2,0
924037,1,0
924056,1,0
924089,1,0
924132,1,0
924153,1,0
924173,1,0
924217,2,0
924268,0,1
924405,2,0
924469,1,0
924489,1,0
924493,1,0
924630,1,0
924634,1,0
924643,1,0
924719,1,0
924724,0,1
924736,2,0
924787,1,0
924793,1,0
924794,1,0
924796,2,0
924878,0,0
924936,1,0
925164,1,0
925198,2,0
925254,1,0
925340,1,0
925353,1,0
925385,1,0
925413,1,0
925433,1,1
925504,1,0
925573,1,0
925609,2,0
925767,0,0
925819,1,0
925850,0,1
925918,2,0
925978,1,0
925979,2,0
926058,2,0
926083,1,0
926106,1,0
926129,2,0
926175,1,0
926250,1,0
926277,1,0
926300,1,0
926315,2,0
926451,1,0
926494,1,0
926531,2,0
926609,1,0
926611,1,0
926867,2,0
926874,2,0
926961,1,0
926967,2,0
927026,1,1
927165,2,1
927202,1,0
927305,1,0
927339,1,0
927401,1,0
927446,2,0
927559,2,0
927676,1,0
927703,1,0
927721,1,0
927848,1,0
927887,1,0
927937,0,1
927943,1,0
927975,1,0
928082,1,0
928116,1,0
928153,1,0
928188,2,0
928238,1,0
928291,1,0
928292,1,0
928294,1,0
928354,1,0
928438,0,1
928644,1,0
928734,0,1
928804,1,0
928868,1,0
928916,1,0
928922,1,0
928942,0,1
928957,1,0
928964,1,0
929009,1,0
929097,1,0
929231,2,0
929282,2,0
929302,1,0
929410,1,0
929451,1,0
929455,2,0
929701,1,0
929707,2,0
929712,2,0
929728,1,0
929871,1,0
929880,1,0
929885,1,0
929913,1,0
929980,1,0
930041,2,0
930089,0,1
930209,1,0
930325,1,0
930337,2,0
930489,1,0
930502,1,0
930562,1,0
930584,1,0
930620,2,0
930718,1,0
930774,2,0
930848,1,0
930887,2,0
930893,1,0
930900,1,0
930921,1,0
931054,2,0
931097,1,0
931135,1,0
931170,2,0
931183,1,0
931238,2,0
931244,1,0
931247,2,0
931537,1,0
931622,2,0
931657,1,0
931701,2,0
931828,2,0
931834,2,0
931914,1,0
932100,2,0
932233,0,1
932244,2,0
932249,1,0
932261,2,0
932270,1,0
932323,2,0
932363,2,0
932405,1,0
932453,1,0
932513,1,0
932526,1,0
932572,1,0
932599,2,0
932623,1,0
932745,2,0
932748,2,0
932823,1,0
932973,1,0
933053,0,1
933187,1,0
933208,1,0
933233,1,0
933251,2,0
933259,1,0
933552,1,0
933642,1,0
933656,1,0
933682,2,0
933707,1,0
933779,2,0
933807,1,0
933848,1,0
933865,2,1
933968,1,0
934134,1,0
934150,2,0
934212,1,0
934235,1,0
934267,1,0
934271,2,0
934280,2,0
934529,2,0
934577,2,0
934604,1,0
934893,1,0
934912,2,0
935068,1,0
935110,2,0
935161,1,0
935235,1,0
935253,1,0
935274,1,0
935313,2,0
935328,1,0
935420,1,0
935504,1,0
935570,1,0
935665,2,0
935738,1,0
935836,2,0
935862,2,0
935876,1,0
936010,2,0
936044,2,0
936088,0,0
936211,1,0
936214,1,0
936232,2,0
936273,1,0
936305,1,0
936319,1,0
936440,2,0
936547,1,0
936570,1,0
936603,2,0
936612,2,0
936723,2,0
936761,0,1
936860,2,0
937030,1,0
937065,1,0
937071,0,1
937127,2,0
937163,1,0
937228,1,0
937250,1,0
937254,2,0
937312,1,0
937385,1,0
937418,1,0
937430,1,0
937476,1,0
937484,2,0
937512,1,0
937638,1,0
937645,1,0
937662,1,0
937742,1,0
937788,1,0
937849,2,0
937862,1,0
937911,1,0
937922,1,0
937946,1,0
937956,1,0
937976,2,0
938031,1,0
938093,0,1
938126,2,0
938323,1,0
938324,1,0
938482,2,0
938516,1,0
938603,1,0
938628,1,0
938636,1,0
938719,2,0
938822,1,0
938830,2,0
938873,1,0
938914,1,0
938981,0,1
939074,2,0
939094,1,0
939098,1,0
939103,1,0
939204,2,0
939238,2,0
939289,2,0
939319,1,0
939320,0,1
939333,2,0
939399,1,0
939428,1,0
939431,0,1
939466,1,0
939474,2,1
939485,1,0
939521,2,0
939562,1,0
939571,1,0
939593,2,0
939683,1,0
939741,1,0
939752,1,0
939760,2,0
939766,1,0
939856,2,0
939932,1,0
939961,1,0
939992,1,0
940156,1,0
940187,0,1
940200,0,1
940213,1,0
940249,1,0
940256,1,0
940523,2,0
940711,1,0
940760,1,0
940796,1,0
940822,1,0
940874,2,0
940901,2,0
940904,2,0
941064,1,0
941092,2,0
941109,1,0
941122,1,0
941127,1,0
941170,1,0
941194,2,0
941324,2,0
941361,1,0
941380,1,0
941545,0,1
941621,2,0
941679,1,0
941683,1,0
941719,2,0
941852,1,0
941865,1,0
941882,1,0
941984,2,0
942017,2,0
942083,1,0
942102,1,0
942189,2,0
942191,0,0
942194,2,0
942287,2,0
942355,1,0
942403,1,0
942413,1,0
942535,1,0
942601,1,0
942681,1,0
942685,2,0
942703,1,0
942779,1,0
942819,1,0
942926,2,0
942952,2,0
942984,2,0
943048,1,0
943056,2,0
943068,1,0
943195,2,0
943211,1,0
943236,2,0
943380,0,1
943393,2,0
943425,2,0
943460,1,0
943553,1,0
943602,0,0
943647,0,1
943668,0,0
943756,1,0
943775,1,0
943804,0,1
943997,2,0
944035,1,0
944093,1,0
944124,1,0
944243,0,0
944261,1,0
944355,1,0
944454,2,0
944491,2,0
944506,1,0
944541,1,0
944636,1,0
944702,2,0
944750,1,0
944810,1,0
944821,2,0
944855,1,0
944980,1,0
945014,1,0
945015,1,0
945037,1,0
945050,2,0
945064,1,0
945091,1,0
945133,1,0
945166,1,0
945199,2,0
945379,2,0
945430,1,0
945455,2,0
945479,1,0
945485,1,0
945703,0,1
945761,2,0
945765,1,0
945780,1,0
945834,0,0
945974,1,0
945996,1,0
946001,1,0
946061,1,0
946070,1,0
946172,1,0
946258,1,0
946439,2,0
946525,1,0
946645,2,0
946771,1,0
946816,1,0
946932,2,0
946956,2,0
946963,2,0
946998,1,0
947001,1,0
947026,1,0
947099,1,0
947123,2,0
947158,2,0
947234,1,0
947367,1,0
947408,1,0
947467,1,0
947497,1,0
947620,1,0
947635,1,0
947641,1,0
947679,0,0
947711,1,0
947750,0,1
947763,2,0
947778,2,0
947863,1,0
947868,1,0
947876,1,0
947906,1,0
948051,1,0
948053,1,0
948117,1,0
948145,1,0
948325,2,0
948327,2,0
948404,1,0
948489,1,0
948576,1,0
948591,1,0
948616,1,0
948658,2,0
948662,1,0
948693,1,0
948714,1,0
948747,1,0
948783,1,0
948785,1,0
948815,1,0
948825,1,0
948831,1,0
948950,1,0
948961,2,0
949134,1,0
949175,1,0
949290,1,0
949406,1,0
949612,2,0
949628,2,0
949821,1,0
949829,1,0
949890,1,0
949952,2,0
949974,2,0
950029,1,0
950107,0,1
950193,1,0
950213,1,0
950216,0,0
950252,2,0
950304,2,1
950336,1,0
950356,1,0
950390,2,0
950391,1,0
950393,1,0
950403,1,0
950437,1,0
950445,1,0
950446,1,0
950467,0,1
950593,1,0
950660,1,0
950707,1,0
950832,1,0
950896,2,0
950914,1,0
950915,1,0
950933,1,0
950947,2,0
950961,2,0
950980,1,0
951116,2,0
951226,1,0
951353,0,0
951389,1,0
951458,1,0
951546,2,0
951616,1,0
951624,1,0
951712,1,0
951719,1,0
951746,2,0
951781,1,0
951879,0,0
951941,1,0
951954,1,0
952003,1,0
952026,1,0
952077,1,0
952093,1,0
952163,2,0
952222,1,0
952244,2,0
952322,1,0
952326,1,0
952393,2,0
952434,2,0
952493,1,0
952532,2,0
952545,1,0
952573,2,0
952582,0,1
952602,2,0
952629,1,0
952641,1,0
952672,0,0
952696,1,0
952717,1,0
952730,1,0
952859,2,0
952911,2,0
952938,1,0
952955,1,0
952959,1,0
953097,1,0
953198,1,0
953210,2,0
953281,1,0
953307,2,0
953341,1,0
953420,2,0
953431,1,0
953448,0,0
953612,1,0
953614,1,0
953673,1,0
953693,1,0
953757,2,0
953784,0,1
953795,1,0
953892,1,0
953927,2,0
954174,1,0
954231,1,0
954293,2,0
954329,2,0
954424,1,0
954453,1,0
954454,2,0
954558,1,0
954570,1,0
954587,2,0
954599,2,0
954718,1,0
954750,1,0
954773,2,0
954836,1,0
954952,1,0
954973,1,0
955087,2,0
955130,2,0
955138,2,0
955178,1,0
955292,1,0
955424,1,0
955448,2,0
955463,1,0
955479,1,0
955533,2,0
955567,2,0
955633,1,0
955649,1,0
955652,1,0
955666,1,0
955716,1,0
955720,1,0
955750,1,0
955773,0,0
955991,1,0
956005,1,0
956071,1,0
956081,2,0
956144,1,0
956191,1,0
956233,2,0
956402,1,0
956438,1,0
956477,1,0
956558,1,0
956619,1,0
956630,2,0
956843,1,0
956861,1,0
956908,2,0
956946,1,0
957008,1,0
957061,1,0
957127,2,0
957214,1,0
957276,1,0
957325,2,0
957377,2,0
957413,1,0
957419,1,0
957452,1,0
957557,1,0
957571,1,0
957572,1,0
957628,1,0
957686,1,0
957764,1,0
957881,1,0
957901,2,0
957912,0,1
958005,1,0
958026,2,0
958059,1,0
958143,1,0
958224,1,0
958243,1,0
958274,1,0
958283,2,0
958299,1,0
958472,1,0
958491,1,0
958518,2,0
958544,1,0
958687,1,0
958709,1,0
958743,2,0
958767,1,0
958791,1,0
958800,2,0
958839,2,0
958869,2,0
958915,0,1
958923,1,0
958931,1,0
958941,0,1
959027,2,0
959044,1,0
959059,1,0
959137,1,0
959179,2,0
959192,1,0
959280,1,0
959364,2,0
959402,1,0
959453,2,0
959478,1,0
959514,0,0
959673,1,0
959728,2,0
959778,2,0
959793,1,0
959821,1,0
959977,0,1
960005,1,0
960050,2,1
960082,1,0
960195,1,0
960253,2,0
960309,2,0
960417,0,1
960441,1,0
960555,2,0
960629,1,0
960678,2,0
960708,1,0
960761,2,0
960913,1,0
960934,1,0
960959,2,0
961177,2,0
961213,2,0
961218,1,0
961264,2,1
961331,1,0
961427,1,0
961440,2,0
961455,2,0
961463,0,1
961512,2,0
961533,1,0
961595,1,0
961639,1,0
961650,2,0
961682,1,0
961837,1,0
961961,1,0
961965,1,0
961978,1,0
962011,1,0
962055,2,0
962267,2,0
962278,0,1
962455,1,0
962472,2,0
962480,2,1
962566,2,0
962600,2,0
962637,1,0
962657,1,0
962661,1,0
962730,1,0
962801,1,0
962989,1,0
963016,1,0
963036,1,0
963067,1,0
963100,1,0
963170,2,0
963410,1,0
963464,1,0
963473,1,0
963487,1,0
963502,1,0
963523,1,0
963541,2,0
963595,2,0
963619,0,1
963642,1,0
963644,1,0
963690,2,0
963757,1,0
963814,1,0
963921,2,0
963985,1,0
964047,1,0
964151,2,0
964159,1,0
964206,2,0
964744,1,0
964789,1,0
964791,2,0
965012,1,0
965066,2,0
965079,1,0
965116,1,0
965154,2,0
965254,0,1
965482,1,0
965590,1,0
965605,1,1
965674,1,0
965688,1,0
965691,2,0
965698,1,0
965713,1,0
965751,2,0
965758,1,0
965948,1,0
966059,1,0
966089,2,0
966117,1,0
966142,1,0
966204,1,0
966210,0,1
966227,2,0
966285,2,0
966350,2,0
966372,1,0
966389,1,0
966391,1,0
966512,2,0
966580,1,0
966688,2,0
966698,2,0
966729,1,0
966797,1,0
966891,1,0
966920,2,0
966949,2,0
966953,1,0
967017,1,0
967032,2,0
967035,1,0
967093,2,0
967150,1,0
967233,2,0
967241,1,0
967253,2,0
967274,2,0
967298,1,0
967300,0,0
967347,1,0
967443,1,0
967462,1,0
967490,1,0
967500,0,0
967502,2,0
967628,1,0
967634,2,0
967637,1,0
967693,1,0
967727,2,0
967738,2,0
967772,1,0
967819,2,0
967838,1,0
967883,1,0
967904,1,0
967966,1,0
968034,1,1
968064,1,0
968090,1,0
968225,1,0
968253,1,0
968312,1,0
968325,1,0
968370,1,0
968447,1,0
968450,1,0
968484,1,0
968497,1,0
968608,1,0
968632,1,0
968638,1,0
968666,2,0
968671,1,0
968764,0,1
968807,1,0
968828,2,0
968842,2,0
968867,2,0
968943,1,0
969053,1,0
969092,1,0
969165,0,0
969219,2,0
969277,2,0
969313,1,0
969318,1,1
969342,1,0
969350,1,0
969360,1,0
969378,2,0
969483,1,0
969485,1,0
969500,1,0
969586,1,0
969616,1,0
969617,0,1
969626,1,0
969632,1,0
969653,2,0
969687,1,0
969689,1,0
969719,2,0
969732,1,0
969764,1,0
969800,2,0
969810,1,0
969860,2,0
969913,1,0
969924,1,0
969933,1,0
969938,1,0
970014,2,0
970092,1,0
970102,1,0
970152,2,0
970154,1,0
970195,1,0
970351,0,1
970401,2,0
970576,1,0
970637,1,0
970639,1,0
970706,1,0
970746,1,0
970783,2,0
970964,1,0
970976,1,0
971030,2,0
971097,1,0
971107,1,0
971142,1,0
971157,1,0
971164,1,0
971318,1,0
971370,1,1
971488,1,0
971528,1,0
971581,1,0
971582,1,0
971599,1,0
971608,2,0
971609,2,0
971627,1,0
971637,1,0
971670,0,1
971902,2,0
971987,1,0
972121,1,0
972129,1,0
972157,1,0
972222,1,0
972298,1,0
972462,2,1
972581,1,0
972636,1,0
972648,0,1
972671,2,0
972673,1,0
972686,1,1
972732,1,0
972787,2,0
972791,2,0
972795,1,0
972954,2,0
972964,1,0
972994,1,0
973059,2,0
973060,2,0
973070,2,0
973104,2,0
973111,1,0
973112,1,0
973168,1,0
973357,1,0
973407,2,0
973485,1,0
973524,1,0
973609,2,0
973728,1,0
973846,0,1
973860,1,0
973897,1,0
973921,1,0
973951,1,0
974041,1,0
974114,1,0
974189,2,0
974209,1,0
974265,0,0
974330,1,0
974441,2,0
974500,1,0
974606,1,0
974617,1,0
974630,1,0
974715,2,0
974738,2,0
974758,0,0
974777,1,0
974829,2,0
974848,2,0
974875,1,1
975181,2,0
975199,1,0
975212,2,0
975218,2,0
975298,1,0
975309,1,0
975387,1,0
975407,1,0
975412,1,0
975466,2,0
975477,1,0
975497,1,0
975531,2,0
975613,2,0
975614,1,0
975692,2,0
975749,1,0
975767,1,0
975846,1,0
975918,1,0
975944,1,0
975949,1,0
976004,2,0
976007,1,0
976153,1,0
976307,1,0
976330,2,0
976413,1,0
976423,1,0
976489,1,0
976513,1,0
976529,1,0
976596,1,0
976605,1,0
976623,1,0
976636,1,0
976695,1,0
976700,1,0
976831,2,0
976834,2,0
977037,2,0
977080,1,0
977178,1,0
977236,2,0
977244,1,1
977274,1,0
977303,1,0
977305,1,0
977363,2,0
977377,2,0
977523,1,0
977550,1,0
977676,2,0
977693,0,0
977916,1,0
978040,2,0
978048,1,0
978130,1,0
978349,1,0
978484,1,0
978654,1,0
978676,1,0
978712,2,0
978907,2,0
978934,2,0
979010,1,0
979053,1,0
979075,0,0
979115,1,0
979135,0,0
979168,2,0
979262,1,0
979309,1,0
979330,2,0
979355,1,0
979389,1,0
979449,1,0
979467,1,0
979548,1,0
979575,1,0
979598,1,0
979634,1,0
979639,1,0
979644,1,0
979703,1,0
979776,1,0
979901,1,0
979983,1,0
980145,2,0
980198,1,0
980338,1,0
980414,1,0
980478,1,0
980494,2,0
980575,1,0
980651,1,0
980761,1,0
980788,0,1
980837,1,0
980856,1,0
980915,1,0
980935,1,0
980952,1,0
981091,1,0
981117,1,0
981150,1,0
981160,1,0
981195,1,0
981198,2,0
981201,1,0
981220,2,0
981304,1,0
981343,1,0
981395,1,0
981427,1,0
981434,1,0
981508,1,0
981536,1,0
981581,1,0
981664,1,0
981674,1,0
981691,1,0
981737,1,0
981848,1,0
981851,1,0
981920,1,0
982017,1,0
982059,1,0
982096,1,0
982202,2,0
982296,1,0
982416,1,0
982433,0,1
982446,1,0
982501,2,0
982508,1,0
982528,2,0
982535,1,0
982542,2,0
982543,2,0
982578,1,0
982608,2,0
982715,1,0
982895,2,0
982969,1,0
983130,0,1
983199,2,0
983242,1,0
983353,2,0
983393,1,0
983416,0,1
983440,2,0
983450,2,0
983524,0,1
983551,1,0
983713,1,0
983809,0,1
983810,2,0
983822,1,0
983855,2,0
983872,2,0
983900,1,0
983968,1,0
984055,0,1
984086,1,0
984115,1,0
984180,2,0
984290,2,0
984409,1,0
984429,1,0
984545,1,0
984636,1,0
984713,2,0
984798,1,0
984824,0,0
984878,1,0
984968,2,0
985115,2,0
985183,1,0
985211,1,0
985266,1,0
985320,2,0
985341,1,0
985374,1,0
985427,2,0
985516,1,0
985622,2,0
985707,1,0
985757,1,0
985765,1,0
985839,1,0
986018,1,0
986055,1,0
986086,1,0
986126,2,0
986143,1,0
986208,1,0
986217,1,0
986288,1,0
986421,1,0
986461,1,0
986507,1,0
986551,1,0
986623,1,0
986792,0,0
986825,1,0
987122,1,0
987153,1,0
987171,1,0
987205,1,0
987221,1,0
987347,1,0
987425,1,0
987482,2,0
987530,1,0
987612,1,0
987921,1,0
987978,1,0
988043,1,0
988149,2,0
988178,1,0
988223,2,0
988234,2,0
988249,1,0
988307,1,0
988345,1,0
988392,1,1
988419,0,1
988510,1,0
988552,2,0
988594,2,0
988638,1,0
988691,1,0
988728,0,1
988839,2,0
988921,1,0
988927,2,0
989040,2,0
989048,1,0
989067,2,0
989081,2,0
989134,1,0
989148,1,0
989154,1,0
989220,2,0
989256,1,0
989262,2,0
989406,0,0
989429,2,0
989473,2,0
989478,1,0
989527,0,1
989528,1,0
989568,2,0
989658,2,0
989666,1,0
989746,1,0
989802,1,0
989816,1,0
989837,2,0
989986,1,0
990077,1,0
990122,2,0
990204,1,0
990218,1,0
990268,1,0
990512,2,0
990595,1,0
990598,1,0
990728,2,0
990905,1,0
990918,1,0
990933,1,0
990947,2,0
990955,1,0
991050,1,0
991056,2,0
991084,1,0
991090,2,0
991189,2,0
991210,2,0
991213,2,0
991230,1,0
991275,2,0
991356,1,0
991371,2,0
991419,1,0
991442,1,0
991529,1,0
991568,1,0
991627,2,0
991638,1,0
991672,1,0
991893,1,1
991924,1,0
991983,2,0
992002,1,0
992028,1,0
992065,2,0
992072,1,0
992168,1,1
992194,1,0
992268,1,0
992476,1,0
992488,1,0
992499,2,0
992524,2,0
992538,2,0
992542,2,0
992631,2,0
992769,2,0
992854,1,0
992886,2,0
992930,1,0
992985,1,0
992986,1,0
993054,1,0
993058,1,0
993170,0,1
993241,0,1
993266,1,0
993271,1,0
993328,1,0
993350,2,1
993650,1,0
993986,1,0
994044,2,0
994219,2,0
994225,1,0
994285,1,0
994308,2,0
994374,1,0
994377,1,0
994443,1,0
994541,1,0
994571,1,0
994609,1,0
994676,1,0
994679,2,0
994707,1,0
994763,1,0
994803,2,0
994877,2,0
994940,1,0
994993,1,0
995079,2,0
995091,2,0
995128,1,0
995142,1,0
995333,1,0
995404,2,0
995527,1,0
995662,1,0
995693,2,0
995695,1,0
995734,1,0
995777,1,0
995812,2,0
995868,2,0
995877,2,0
995943,2,0
996086,1,0
996152,1,0
996159,2,0
996231,2,1
996238,1,0
996254,1,0
996301,2,0
996333,1,0
996349,1,0
996488,1,0
996539,1,0
996616,1,0
996639,1,0
996686,1,0
996745,1,0
996794,1,0
996796,1,0
996896,1,0
996900,1,0
996984,2,0
996989,1,0
996997,1,0
997008,2,0
997121,2,0
997189,1,0
997322,2,0
997359,1,0
997370,2,0
997395,1,0
997434,1,0
997439,1,0
997478,1,0
997539,1,0
997599,1,0
997653,2,0
997654,1,0
997710,2,0
997741,2,0
997857,2,0
997912,2,0
997945,1,0
997964,1,0
998061,2,0
998072,1,0
998078,1,0
998085,1,0
998090,1,0
998112,1,0
998192,0,1
998465,2,0
998507,1,0
998580,1,0
998776,2,0
998820,1,0
998934,1,0
998972,1,0
999120,1,0
999143,2,0
999272,1,0
999304,2,0
999460,2,0
999498,1,0
999513,2,0
999524,1,0
999550,1,0
999589,1,0
999631,1,0
999731,2,0
999758,2,0
999788,2,0
999891,2,0
999902,1,0
999911,2,0
999940,2,0
999982,2,0
999986,0,1
